Workbook

Sheet JANUARI
A8: NOTA PENCIRAN DANA (NPD)
A9: Nomor : 23/DIV-KEU/PPB/I/2026
A10: BENDAHARA PENGELUARAN
A11: PERUMDA PASAR BANJARMASIN
A12: Supaya Mencairkan Dana
A14: 1. Sub Kegiatan | D14: : | E14: Beban Umum & Keuangan
A15: 2. Nomor | D15: : | E15: 2.1.4
A16: 3. Tahun Anggaran | D16: : | E16: 2026
A17: 4. Jumlah Yang Diminta | D17: : | E17: =J29 -> 6370185
D18: : | E18: =PROPER(IF(E17=0,"nol",IF(E17<0,"minus ","")&SUBSTITUTE(TRIM(SUBSTITUTE(SUBSTITUTE(SUBSTITUTE(SUBSTITUTE(SUBSTITUTE(SUBSTITUTE(SUBSTITUTE(SUBSTITUTE(SUBSTITUTE(SUBSTITUTE(SUBSTITUTE(SUBSTITUTE(SUBSTITUTE(SUBSTITUTE(SUBSTITUTE(SUBSTITUTE(SUBSTITUTE(SUBSTITUTE(SUBSTITUTE(SUBSTITUTE(SUBSTITUTE(SUBSTITUTE(SUBSTITUTE(SUBSTITUTE(IF(--MID(TEXT(ABS(E17),"000000000000000"),1,3)=0,"",MID(TEXT(ABS(E17),"000000000000000"),1,1)&" ratus "&MID(TEXT(ABS(E17),"000000000000000"),2,1)&" puluh "&MID(TEXT(ABS(E17),"000000000000000"),3,1)&" trilyun ")&IF(--MID(TEXT(ABS(E17),"000000000000000"),4,3)=0,"",MID(TEXT(ABS(E17),"000000000000000"),4,1)&" ratus "&MID(TEXT(ABS(E17),"000000000000000"),5,1)&" puluh "&MID(TEXT(ABS(E17),"000000000000000"),6,1)&" milyar ")&IF(--MID(TEXT(ABS(E17),"000000000000000"),7,3)=0,"",MID(TEXT(ABS(E17),"000000000000000"),7,1)&" ratus "&MID(TEXT(ABS(E17),"000000000000000"),8,1)&" puluh "&MID(TEXT(ABS(E17),"000000000000000"),9,1)&" juta ")&IF(--MID(TEXT(ABS(E17),"000000000000000"),10,3)=0,"",IF(--MID(TEXT(ABS(E17),"000000000000000"),10,3)=1,"*",MID(TEXT(ABS(E17),"000000000000000"),10,1)&" ratus "&MID(TEXT(ABS(E17),"000000000000000"),11,1)&" puluh ")&MID(TEXT(ABS(E17),"000000000000000"),12,1)&" ribu ")&IF(--MID(TEXT(ABS(E17),"000000000000000"),13,3)=0,"",MID(TEXT(ABS(E17),"000000000000000"),13,1)&" ratus "&MID(TEXT(ABS(E17),"000000000000000"),14,1)&" puluh "&MID(TEXT(ABS(E17),"000000000000000"),15,1)),1,"satu"),2,"dua"),3,"tiga"),4,"empat"),5,"lima"),6,"enam"),7,"tujuh"),8,"delapan"),9,"sembilan"),"0 ratus",""),"0 puluh",""),"satu puluh 0","sepuluh"),"satu puluh satu","sebelas"),"satu puluh dua","duabelas"),"satu puluh tiga","tigabelas"),"satu puluh empat","empatbelas"),"satu puluh lima","limabelas"),"satu puluh enam","enambelas"),"satu puluh tujuh","tujuhbelas"),"satu puluh delapan","delapanbelas"),"satu puluh sembilan","sembilanbelas"),"satu ratus","seratus"),"*satu ribu","seribu"),0,""))," "," "))&" Rupiah") -> Enam Juta Tiga Ratus Tujuh Puluh Ribu Seratus Delapan Puluh Lima Rupiah
A21: Pembebanan Pada Kode Rekening
A22: NO | B22: Kode | C22: Uraian | G22: Anggaran | H22: Akumulasi Pencairan dana Bulan Januari s/d Desember | J22: Pencairan Saat ini | K22: Sisa Anggaran
A23: 1 | C23: Beban Telepon/Listrik/Air/Wifi/Website | G23: --------------- | H23: --------------- | J23: --------------- | K23: ---------------
B24: 1.1 | C24: Biaya Telepon/Pulsa/Paket Data Hp Operasional | G24: 12000000 | H24: 0 | J24: 0 | K24: =G24-H24-J24 -> 12000000
B25: 1.2 | C25: Biaya Air | G25: 18000000 | H25: 0 | J25: 1192745 | K25: =G25-H25-J25 -> 16807255
B26: 1.3 | C26: Biaya Listrik | G26: 80000000 | H26: 0 | J26: 4273340 | K26: =G26-H26-J26 -> 75726660
B27: 1.4 | C27: Biaya Wifi/Internet | G27: 20400000 | H27: 0 | J27: 904100 | K27: =G27-H27-J27 -> 19495900
B28: 1.5 | C28: Biaya Website dan Aplikasi | G28: 50000000 | H28: 0 | J28: 0 | K28: =G28-H28-J28 -> 50000000
C29: JUMLAH | G29: =SUM(G23:G28) -> 180400000 | H29: =SUM(H23:H28) -> 0 | J29: =SUM(J23:J28) -> 6370185 | K29: =SUM(K23:K28) -> 174029815
A31: Jumlah Yang Diminta | D31: : | E31: =J29 -> 6370185
A32: PPN | D32: :
A33: PPh Psl 21/22/23/4(2) | D33: :
A34: Jumlah Potongan | D34: : | E34: =E32+E33 -> 0
A36: Jumlah yang dibayarkan | D36: : | E36: =E31-E34 -> 6370185
E37: =PROPER(IF(E36=0,"nol",IF(E36<0,"minus ","")&SUBSTITUTE(TRIM(SUBSTITUTE(SUBSTITUTE(SUBSTITUTE(SUBSTITUTE(SUBSTITUTE(SUBSTITUTE(SUBSTITUTE(SUBSTITUTE(SUBSTITUTE(SUBSTITUTE(SUBSTITUTE(SUBSTITUTE(SUBSTITUTE(SUBSTITUTE(SUBSTITUTE(SUBSTITUTE(SUBSTITUTE(SUBSTITUTE(SUBSTITUTE(SUBSTITUTE(SUBSTITUTE(SUBSTITUTE(SUBSTITUTE(SUBSTITUTE(IF(--MID(TEXT(ABS(E36),"000000000000000"),1,3)=0,"",MID(TEXT(ABS(E36),"000000000000000"),1,1)&" ratus "&MID(TEXT(ABS(E36),"000000000000000"),2,1)&" puluh "&MID(TEXT(ABS(E36),"000000000000000"),3,1)&" trilyun ")&IF(--MID(TEXT(ABS(E36),"000000000000000"),4,3)=0,"",MID(TEXT(ABS(E36),"000000000000000"),4,1)&" ratus "&MID(TEXT(ABS(E36),"000000000000000"),5,1)&" puluh "&MID(TEXT(ABS(E36),"000000000000000"),6,1)&" milyar ")&IF(--MID(TEXT(ABS(E36),"000000000000000"),7,3)=0,"",MID(TEXT(ABS(E36),"000000000000000"),7,1)&" ratus "&MID(TEXT(ABS(E36),"000000000000000"),8,1)&" puluh "&MID(TEXT(ABS(E36),"000000000000000"),9,1)&" juta ")&IF(--MID(TEXT(ABS(E36),"000000000000000"),10,3)=0,"",IF(--MID(TEXT(ABS(E36),"000000000000000"),10,3)=1,"*",MID(TEXT(ABS(E36),"000000000000000"),10,1)&" ratus "&MID(TEXT(ABS(E36),"000000000000000"),11,1)&" puluh ")&MID(TEXT(ABS(E36),"000000000000000"),12,1)&" ribu ")&IF(--MID(TEXT(ABS(E36),"000000000000000"),13,3)=0,"",MID(TEXT(ABS(E36),"000000000000000"),13,1)&" ratus "&MID(TEXT(ABS(E36),"000000000000000"),14,1)&" puluh "&MID(TEXT(ABS(E36),"000000000000000"),15,1)),1,"satu"),2,"dua"),3,"tiga"),4,"empat"),5,"lima"),6,"enam"),7,"tujuh"),8,"delapan"),9,"sembilan"),"0 ratus",""),"0 puluh",""),"satu puluh 0","sepuluh"),"satu puluh satu","sebelas"),"satu puluh dua","duabelas"),"satu puluh tiga","tigabelas"),"satu puluh empat","empatbelas"),"satu puluh lima","limabelas"),"satu puluh enam","enambelas"),"satu puluh tujuh","tujuhbelas"),"satu puluh delapan","delapanbelas"),"satu puluh sembilan","sembilanbelas"),"satu ratus","seratus"),"*satu ribu","seribu"),0,""))," "," "))&" Rupiah") -> Enam Juta Tiga Ratus Tujuh Puluh Ribu Seratus Delapan Puluh Lima Rupiah
J40: Banjarmasin, 12 Januari 2026
A41: MENGETAHUI | J41: YANG MEMBUAT
A46: IRNA WAHYUNI N. | J46: M. ZULKIFLI
A55: NOTA PENCIRAN DANA (NPD)
A56: Nomor : 02/DIV-KEU/PPB/I/2026
A57: BENDAHARA PENGELUARAN
A58: PERUMDA PASAR BANJARMASIN
A59: Supaya Mencairkan Dana
A61: 1. Sub Kegiatan | D61: : | E61: Beban Umum & Keuangan
A62: 2. Nomor | D62: : | E62: 2.1.4
A63: 3. Tahun Anggaran | D63: : | E63: 2026
A64: 4. Jumlah Yang Diminta | D64: : | E64: =J76 -> 61869180
D65: : | E65: =PROPER(IF(E64=0,"nol",IF(E64<0,"minus ","")&SUBSTITUTE(TRIM(SUBSTITUTE(SUBSTITUTE(SUBSTITUTE(SUBSTITUTE(SUBSTITUTE(SUBSTITUTE(SUBSTITUTE(SUBSTITUTE(SUBSTITUTE(SUBSTITUTE(SUBSTITUTE(SUBSTITUTE(SUBSTITUTE(SUBSTITUTE(SUBSTITUTE(SUBSTITUTE(SUBSTITUTE(SUBSTITUTE(SUBSTITUTE(SUBSTITUTE(SUBSTITUTE(SUBSTITUTE(SUBSTITUTE(SUBSTITUTE(IF(--MID(TEXT(ABS(E64),"000000000000000"),1,3)=0,"",MID(TEXT(ABS(E64),"000000000000000"),1,1)&" ratus "&MID(TEXT(ABS(E64),"000000000000000"),2,1)&" puluh "&MID(TEXT(ABS(E64),"000000000000000"),3,1)&" trilyun ")&IF(--MID(TEXT(ABS(E64),"000000000000000"),4,3)=0,"",MID(TEXT(ABS(E64),"000000000000000"),4,1)&" ratus "&MID(TEXT(ABS(E64),"000000000000000"),5,1)&" puluh "&MID(TEXT(ABS(E64),"000000000000000"),6,1)&" milyar ")&IF(--MID(TEXT(ABS(E64),"000000000000000"),7,3)=0,"",MID(TEXT(ABS(E64),"000000000000000"),7,1)&" ratus "&MID(TEXT(ABS(E64),"000000000000000"),8,1)&" puluh "&MID(TEXT(ABS(E64),"000000000000000"),9,1)&" juta ")&IF(--MID(TEXT(ABS(E64),"000000000000000"),10,3)=0,"",IF(--MID(TEXT(ABS(E64),"000000000000000"),10,3)=1,"*",MID(TEXT(ABS(E64),"000000000000000"),10,1)&" ratus "&MID(TEXT(ABS(E64),"000000000000000"),11,1)&" puluh ")&MID(TEXT(ABS(E64),"000000000000000"),12,1)&" ribu ")&IF(--MID(TEXT(ABS(E64),"000000000000000"),13,3)=0,"",MID(TEXT(ABS(E64),"000000000000000"),13,1)&" ratus "&MID(TEXT(ABS(E64),"000000000000000"),14,1)&" puluh "&MID(TEXT(ABS(E64),"000000000000000"),15,1)),1,"satu"),2,"dua"),3,"tiga"),4,"empat"),5,"lima"),6,"enam"),7,"tujuh"),8,"delapan"),9,"sembilan"),"0 ratus",""),"0 puluh",""),"satu puluh 0","sepuluh"),"satu puluh satu","sebelas"),"satu puluh dua","duabelas"),"satu puluh tiga","tigabelas"),"satu puluh empat","empatbelas"),"satu puluh lima","limabelas"),"satu puluh enam","enambelas"),"satu puluh tujuh","tujuhbelas"),"satu puluh delapan","delapanbelas"),"satu puluh sembilan","sembilanbelas"),"satu ratus","seratus"),"*satu ribu","seribu"),0,""))," "," "))&" Rupiah") -> Enam Puluh Satu Juta Delapan Ratus Enam Puluh Sembilan Ribu Seratus Delapan Puluh Rupiah
A68: Pembebanan Pada Kode Rekening
A69: NO | B69: Kode | C69: Uraian | G69: Anggaran | H69: Akumulasi Pencairan dana Bulan Januari s/d Desember | J69: Pencairan Saat ini | K69: Sisa Anggaran
A70: 1 | C70: Beban Telepon/Listrik/Air/Wifi/Website | G70: --------------- | H70: --------------- | J70: --------------- | K70: ---------------
B71: 1.1 | C71: Biaya Telepon/Pulsa/Paket Data Hp Operasional | G71: 12000000 | H71: =H24+J24 -> 0 | J71: 0 | K71: =G71-H71-J71 -> 12000000
B72: 1.2 | C72: Biaya Air | G72: 18000000 | H72: =H25+J25 -> 1192745 | J72: 0 | K72: =G72-H72-J72 -> 16807255
B73: 1.3 | C73: Biaya Listrik | G73: 80000000 | H73: =H26+J26 -> 4273340 | J73: 0 | K73: =G73-H73-J73 -> 75726660
B74: 1.4 | C74: Biaya Wifi/Internet | G74: 20400000 | H74: =H27+J27 -> 904100 | J74: 0 | K74: =G74-H74-J74 -> 19495900
B75: 1.5 | C75: Biaya Website dan Aplikasi | G75: 50000000 | H75: =H28+J28 -> 0 | J75: 61869180 | K75: =G75-H75-J75 -> -11869180
C76: JUMLAH | G76: =SUM(G70:G75) -> 180400000 | H76: =SUM(H70:H75) -> 6370185 | J76: =SUM(J70:J75) -> 61869180 | K76: =SUM(K70:K75) -> 112160635
A78: Jumlah Yang Diminta | D78: : | E78: =J76 -> 61869180
A79: PPN | D79: :
A80: PPh Psl 21/22/23/4(2) | D80: :
A81: Jumlah Potongan | D81: : | E81: =E79+E80 -> 0
A83: Jumlah yang dibayarkan | D83: : | E83: =E78-E81 -> 61869180
E84: =PROPER(IF(E83=0,"nol",IF(E83<0,"minus ","")&SUBSTITUTE(TRIM(SUBSTITUTE(SUBSTITUTE(SUBSTITUTE(SUBSTITUTE(SUBSTITUTE(SUBSTITUTE(SUBSTITUTE(SUBSTITUTE(SUBSTITUTE(SUBSTITUTE(SUBSTITUTE(SUBSTITUTE(SUBSTITUTE(SUBSTITUTE(SUBSTITUTE(SUBSTITUTE(SUBSTITUTE(SUBSTITUTE(SUBSTITUTE(SUBSTITUTE(SUBSTITUTE(SUBSTITUTE(SUBSTITUTE(SUBSTITUTE(IF(--MID(TEXT(ABS(E83),"000000000000000"),1,3)=0,"",MID(TEXT(ABS(E83),"000000000000000"),1,1)&" ratus "&MID(TEXT(ABS(E83),"000000000000000"),2,1)&" puluh "&MID(TEXT(ABS(E83),"000000000000000"),3,1)&" trilyun ")&IF(--MID(TEXT(ABS(E83),"000000000000000"),4,3)=0,"",MID(TEXT(ABS(E83),"000000000000000"),4,1)&" ratus "&MID(TEXT(ABS(E83),"000000000000000"),5,1)&" puluh "&MID(TEXT(ABS(E83),"000000000000000"),6,1)&" milyar ")&IF(--MID(TEXT(ABS(E83),"000000000000000"),7,3)=0,"",MID(TEXT(ABS(E83),"000000000000000"),7,1)&" ratus "&MID(TEXT(ABS(E83),"000000000000000"),8,1)&" puluh "&MID(TEXT(ABS(E83),"000000000000000"),9,1)&" juta ")&IF(--MID(TEXT(ABS(E83),"000000000000000"),10,3)=0,"",IF(--MID(TEXT(ABS(E83),"000000000000000"),10,3)=1,"*",MID(TEXT(ABS(E83),"000000000000000"),10,1)&" ratus "&MID(TEXT(ABS(E83),"000000000000000"),11,1)&" puluh ")&MID(TEXT(ABS(E83),"000000000000000"),12,1)&" ribu ")&IF(--MID(TEXT(ABS(E83),"000000000000000"),13,3)=0,"",MID(TEXT(ABS(E83),"000000000000000"),13,1)&" ratus "&MID(TEXT(ABS(E83),"000000000000000"),14,1)&" puluh "&MID(TEXT(ABS(E83),"000000000000000"),15,1)),1,"satu"),2,"dua"),3,"tiga"),4,"empat"),5,"lima"),6,"enam"),7,"tujuh"),8,"delapan"),9,"sembilan"),"0 ratus",""),"0 puluh",""),"satu puluh 0","sepuluh"),"satu puluh satu","sebelas"),"satu puluh dua","duabelas"),"satu puluh tiga","tigabelas"),"satu puluh empat","empatbelas"),"satu puluh lima","limabelas"),"satu puluh enam","enambelas"),"satu puluh tujuh","tujuhbelas"),"satu puluh delapan","delapanbelas"),"satu puluh sembilan","sembilanbelas"),"satu ratus","seratus"),"*satu ribu","seribu"),0,""))," "," "))&" Rupiah") -> Enam Puluh Satu Juta Delapan Ratus Enam Puluh Sembilan Ribu Seratus Delapan Puluh Rupiah
J87: Banjarmasin, 02 Januari 2026
A88: MENGETAHUI | J88: YANG MEMBUAT
A93: IRNA WAHYUNI N. | J93: M. ZULKIFLI

Sheet FEBRUARI
A8: NOTA PENCIRAN DANA (NPD)
A9: Nomor : 109/DIV-KEU/PPB/II/2026
A10: BENDAHARA PENGELUARAN
A11: PERUMDA PASAR BANJARMASIN
A12: Supaya Mencairkan Dana
A14: 1. Sub Kegiatan | D14: : | E14: Beban Umum & Keuangan
A15: 2. Nomor | D15: : | E15: 2.1.4
A16: 3. Tahun Anggaran | D16: : | E16: 2026
A17: 4. Jumlah Yang Diminta | D17: : | E17: =J29 -> 500000
D18: : | E18: =PROPER(IF(E17=0,"nol",IF(E17<0,"minus ","")&SUBSTITUTE(TRIM(SUBSTITUTE(SUBSTITUTE(SUBSTITUTE(SUBSTITUTE(SUBSTITUTE(SUBSTITUTE(SUBSTITUTE(SUBSTITUTE(SUBSTITUTE(SUBSTITUTE(SUBSTITUTE(SUBSTITUTE(SUBSTITUTE(SUBSTITUTE(SUBSTITUTE(SUBSTITUTE(SUBSTITUTE(SUBSTITUTE(SUBSTITUTE(SUBSTITUTE(SUBSTITUTE(SUBSTITUTE(SUBSTITUTE(SUBSTITUTE(IF(--MID(TEXT(ABS(E17),"000000000000000"),1,3)=0,"",MID(TEXT(ABS(E17),"000000000000000"),1,1)&" ratus "&MID(TEXT(ABS(E17),"000000000000000"),2,1)&" puluh "&MID(TEXT(ABS(E17),"000000000000000"),3,1)&" trilyun ")&IF(--MID(TEXT(ABS(E17),"000000000000000"),4,3)=0,"",MID(TEXT(ABS(E17),"000000000000000"),4,1)&" ratus "&MID(TEXT(ABS(E17),"000000000000000"),5,1)&" puluh "&MID(TEXT(ABS(E17),"000000000000000"),6,1)&" milyar ")&IF(--MID(TEXT(ABS(E17),"000000000000000"),7,3)=0,"",MID(TEXT(ABS(E17),"000000000000000"),7,1)&" ratus "&MID(TEXT(ABS(E17),"000000000000000"),8,1)&" puluh "&MID(TEXT(ABS(E17),"000000000000000"),9,1)&" juta ")&IF(--MID(TEXT(ABS(E17),"000000000000000"),10,3)=0,"",IF(--MID(TEXT(ABS(E17),"000000000000000"),10,3)=1,"*",MID(TEXT(ABS(E17),"000000000000000"),10,1)&" ratus "&MID(TEXT(ABS(E17),"000000000000000"),11,1)&" puluh ")&MID(TEXT(ABS(E17),"000000000000000"),12,1)&" ribu ")&IF(--MID(TEXT(ABS(E17),"000000000000000"),13,3)=0,"",MID(TEXT(ABS(E17),"000000000000000"),13,1)&" ratus "&MID(TEXT(ABS(E17),"000000000000000"),14,1)&" puluh "&MID(TEXT(ABS(E17),"000000000000000"),15,1)),1,"satu"),2,"dua"),3,"tiga"),4,"empat"),5,"lima"),6,"enam"),7,"tujuh"),8,"delapan"),9,"sembilan"),"0 ratus",""),"0 puluh",""),"satu puluh 0","sepuluh"),"satu puluh satu","sebelas"),"satu puluh dua","duabelas"),"satu puluh tiga","tigabelas"),"satu puluh empat","empatbelas"),"satu puluh lima","limabelas"),"satu puluh enam","enambelas"),"satu puluh tujuh","tujuhbelas"),"satu puluh delapan","delapanbelas"),"satu puluh sembilan","sembilanbelas"),"satu ratus","seratus"),"*satu ribu","seribu"),0,""))," "," "))&" Rupiah") -> Lima Ratus Ribu Rupiah
A21: Pembebanan Pada Kode Rekening
A22: NO | B22: Kode | C22: Uraian | G22: Anggaran | H22: Akumulasi Pencairan dana Bulan Januari s/d Desember | J22: Pencairan Saat ini | K22: Sisa Anggaran
A23: 1 | C23: Beban Telepon/Listrik/Air/Wifi/Website | G23: --------------- | H23: --------------- | J23: --------------- | K23: ---------------
B24: 1.1 | C24: Biaya Telepon/Pulsa/Paket Data Hp Operasional | G24: 12000000 | H24: =JANUARI!H71+JANUARI!J71 -> 0 | J24: 0 | K24: =G24-H24-J24 -> 12000000
B25: 1.2 | C25: Biaya Air | G25: 18000000 | H25: =JANUARI!H72+JANUARI!J72 -> 1192745 | J25: 0 | K25: =G25-H25-J25 -> 16807255
B26: 1.3 | C26: Biaya Listrik | G26: 80000000 | H26: =JANUARI!H73+JANUARI!J73 -> 4273340 | J26: 0 | K26: =G26-H26-J26 -> 75726660
B27: 1.4 | C27: Biaya Wifi/Internet | G27: 20400000 | H27: =JANUARI!H74+JANUARI!J74 -> 904100 | J27: 0 | K27: =G27-H27-J27 -> 19495900
B28: 1.5 | C28: Biaya Website dan Aplikasi | G28: 50000000 | H28: =JANUARI!H75+JANUARI!J75 -> 61869180 | J28: 500000 | K28: =G28-H28-J28 -> -12369180
C29: JUMLAH | G29: =SUM(G23:G28) -> 180400000 | H29: =SUM(H23:H28) -> 68239365 | J29: =SUM(J23:J28) -> 500000 | K29: =SUM(K23:K28) -> 111660635
A31: Jumlah Yang Diminta | D31: : | E31: =J29 -> 500000
A32: PPN | D32: :
A33: PPh Psl 21/22/23/4(2) | D33: :
A34: Jumlah Potongan | D34: : | E34: =E32+E33 -> 0
A36: Jumlah yang dibayarkan | D36: : | E36: =E31-E34 -> 500000
E37: =PROPER(IF(E36=0,"nol",IF(E36<0,"minus ","")&SUBSTITUTE(TRIM(SUBSTITUTE(SUBSTITUTE(SUBSTITUTE(SUBSTITUTE(SUBSTITUTE(SUBSTITUTE(SUBSTITUTE(SUBSTITUTE(SUBSTITUTE(SUBSTITUTE(SUBSTITUTE(SUBSTITUTE(SUBSTITUTE(SUBSTITUTE(SUBSTITUTE(SUBSTITUTE(SUBSTITUTE(SUBSTITUTE(SUBSTITUTE(SUBSTITUTE(SUBSTITUTE(SUBSTITUTE(SUBSTITUTE(SUBSTITUTE(IF(--MID(TEXT(ABS(E36),"000000000000000"),1,3)=0,"",MID(TEXT(ABS(E36),"000000000000000"),1,1)&" ratus "&MID(TEXT(ABS(E36),"000000000000000"),2,1)&" puluh "&MID(TEXT(ABS(E36),"000000000000000"),3,1)&" trilyun ")&IF(--MID(TEXT(ABS(E36),"000000000000000"),4,3)=0,"",MID(TEXT(ABS(E36),"000000000000000"),4,1)&" ratus "&MID(TEXT(ABS(E36),"000000000000000"),5,1)&" puluh "&MID(TEXT(ABS(E36),"000000000000000"),6,1)&" milyar ")&IF(--MID(TEXT(ABS(E36),"000000000000000"),7,3)=0,"",MID(TEXT(ABS(E36),"000000000000000"),7,1)&" ratus "&MID(TEXT(ABS(E36),"000000000000000"),8,1)&" puluh "&MID(TEXT(ABS(E36),"000000000000000"),9,1)&" juta ")&IF(--MID(TEXT(ABS(E36),"000000000000000"),10,3)=0,"",IF(--MID(TEXT(ABS(E36),"000000000000000"),10,3)=1,"*",MID(TEXT(ABS(E36),"000000000000000"),10,1)&" ratus "&MID(TEXT(ABS(E36),"000000000000000"),11,1)&" puluh ")&MID(TEXT(ABS(E36),"000000000000000"),12,1)&" ribu ")&IF(--MID(TEXT(ABS(E36),"000000000000000"),13,3)=0,"",MID(TEXT(ABS(E36),"000000000000000"),13,1)&" ratus "&MID(TEXT(ABS(E36),"000000000000000"),14,1)&" puluh "&MID(TEXT(ABS(E36),"000000000000000"),15,1)),1,"satu"),2,"dua"),3,"tiga"),4,"empat"),5,"lima"),6,"enam"),7,"tujuh"),8,"delapan"),9,"sembilan"),"0 ratus",""),"0 puluh",""),"satu puluh 0","sepuluh"),"satu puluh satu","sebelas"),"satu puluh dua","duabelas"),"satu puluh tiga","tigabelas"),"satu puluh empat","empatbelas"),"satu puluh lima","limabelas"),"satu puluh enam","enambelas"),"satu puluh tujuh","tujuhbelas"),"satu puluh delapan","delapanbelas"),"satu puluh sembilan","sembilanbelas"),"satu ratus","seratus"),"*satu ribu","seribu"),0,""))," "," "))&" Rupiah") -> Lima Ratus Ribu Rupiah
J40: Banjarmasin, 03 Februari 2026
A41: MENGETAHUI | J41: YANG MEMBUAT
A46: IRNA WAHYUNI N. | J46: M. ZULKIFLI
A55: NOTA PENCIRAN DANA (NPD)
A56: Nomor : 045/DIV-KEU/PPB/II/2026
A57: BENDAHARA PENGELUARAN
A58: PERUMDA PASAR BANJARMASIN
A59: Supaya Mencairkan Dana
A61: 1. Sub Kegiatan | D61: : | E61: Beban Umum & Keuangan
A62: 2. Nomor | D62: : | E62: 2.1.4
A63: 3. Tahun Anggaran | D63: : | E63: 2026
A64: 4. Jumlah Yang Diminta | D64: : | E64: =J76 -> 7006427
D65: : | E65: =PROPER(IF(E64=0,"nol",IF(E64<0,"minus ","")&SUBSTITUTE(TRIM(SUBSTITUTE(SUBSTITUTE(SUBSTITUTE(SUBSTITUTE(SUBSTITUTE(SUBSTITUTE(SUBSTITUTE(SUBSTITUTE(SUBSTITUTE(SUBSTITUTE(SUBSTITUTE(SUBSTITUTE(SUBSTITUTE(SUBSTITUTE(SUBSTITUTE(SUBSTITUTE(SUBSTITUTE(SUBSTITUTE(SUBSTITUTE(SUBSTITUTE(SUBSTITUTE(SUBSTITUTE(SUBSTITUTE(SUBSTITUTE(IF(--MID(TEXT(ABS(E64),"000000000000000"),1,3)=0,"",MID(TEXT(ABS(E64),"000000000000000"),1,1)&" ratus "&MID(TEXT(ABS(E64),"000000000000000"),2,1)&" puluh "&MID(TEXT(ABS(E64),"000000000000000"),3,1)&" trilyun ")&IF(--MID(TEXT(ABS(E64),"000000000000000"),4,3)=0,"",MID(TEXT(ABS(E64),"000000000000000"),4,1)&" ratus "&MID(TEXT(ABS(E64),"000000000000000"),5,1)&" puluh "&MID(TEXT(ABS(E64),"000000000000000"),6,1)&" milyar ")&IF(--MID(TEXT(ABS(E64),"000000000000000"),7,3)=0,"",MID(TEXT(ABS(E64),"000000000000000"),7,1)&" ratus "&MID(TEXT(ABS(E64),"000000000000000"),8,1)&" puluh "&MID(TEXT(ABS(E64),"000000000000000"),9,1)&" juta ")&IF(--MID(TEXT(ABS(E64),"000000000000000"),10,3)=0,"",IF(--MID(TEXT(ABS(E64),"000000000000000"),10,3)=1,"*",MID(TEXT(ABS(E64),"000000000000000"),10,1)&" ratus "&MID(TEXT(ABS(E64),"000000000000000"),11,1)&" puluh ")&MID(TEXT(ABS(E64),"000000000000000"),12,1)&" ribu ")&IF(--MID(TEXT(ABS(E64),"000000000000000"),13,3)=0,"",MID(TEXT(ABS(E64),"000000000000000"),13,1)&" ratus "&MID(TEXT(ABS(E64),"000000000000000"),14,1)&" puluh "&MID(TEXT(ABS(E64),"000000000000000"),15,1)),1,"satu"),2,"dua"),3,"tiga"),4,"empat"),5,"lima"),6,"enam"),7,"tujuh"),8,"delapan"),9,"sembilan"),"0 ratus",""),"0 puluh",""),"satu puluh 0","sepuluh"),"satu puluh satu","sebelas"),"satu puluh dua","duabelas"),"satu puluh tiga","tigabelas"),"satu puluh empat","empatbelas"),"satu puluh lima","limabelas"),"satu puluh enam","enambelas"),"satu puluh tujuh","tujuhbelas"),"satu puluh delapan","delapanbelas"),"satu puluh sembilan","sembilanbelas"),"satu ratus","seratus"),"*satu ribu","seribu"),0,""))," "," "))&" Rupiah") -> Tujuh Juta Enam Ribu Empat Ratus Dua Puluh Tujuh Rupiah
A68: Pembebanan Pada Kode Rekening
A69: NO | B69: Kode | C69: Uraian | G69: Anggaran | H69: Akumulasi Pencairan dana Bulan Januari s/d Desember | J69: Pencairan Saat ini | K69: Sisa Anggaran
A70: 1 | C70: Beban Telepon/Listrik/Air/Wifi/Website | G70: --------------- | H70: --------------- | J70: --------------- | K70: ---------------
B71: 1.1 | C71: Biaya Telepon/Pulsa/Paket Data Hp Operasional | G71: 12000000 | H71: =H24+J24 -> 0 | J71: 0 | K71: =G71-H71-J71 -> 12000000
B72: 1.2 | C72: Biaya Air | G72: 18000000 | H72: =H25+J25 -> 1192745 | J72: 1031376 | K72: =G72-H72-J72 -> 15775879
B73: 1.3 | C73: Biaya Listrik | G73: 80000000 | H73: =H26+J26 -> 4273340 | J73: 4795427 | K73: =G73-H73-J73 -> 70931233
B74: 1.4 | C74: Biaya Wifi/Internet | G74: 20400000 | H74: =H27+J27 -> 904100 | J74: 1179624 | K74: =G74-H74-J74 -> 18316276
B75: 1.5 | C75: Biaya Website dan Aplikasi | G75: 50000000 | H75: =H28+J28 -> 62369180 | J75: 0 | K75: =G75-H75-J75 -> -12369180
C76: JUMLAH | G76: =SUM(G70:G75) -> 180400000 | H76: =SUM(H70:H75) -> 68739365 | J76: =SUM(J70:J75) -> 7006427 | K76: =SUM(K70:K75) -> 104654208
A78: Jumlah Yang Diminta | D78: : | E78: =J76 -> 7006427
A79: PPN | D79: :
A80: PPh Psl 21/22/23/4(2) | D80: :
A81: Jumlah Potongan | D81: : | E81: =E79+E80 -> 0
A83: Jumlah yang dibayarkan | D83: : | E83: =E78-E81 -> 7006427
E84: =PROPER(IF(E83=0,"nol",IF(E83<0,"minus ","")&SUBSTITUTE(TRIM(SUBSTITUTE(SUBSTITUTE(SUBSTITUTE(SUBSTITUTE(SUBSTITUTE(SUBSTITUTE(SUBSTITUTE(SUBSTITUTE(SUBSTITUTE(SUBSTITUTE(SUBSTITUTE(SUBSTITUTE(SUBSTITUTE(SUBSTITUTE(SUBSTITUTE(SUBSTITUTE(SUBSTITUTE(SUBSTITUTE(SUBSTITUTE(SUBSTITUTE(SUBSTITUTE(SUBSTITUTE(SUBSTITUTE(SUBSTITUTE(IF(--MID(TEXT(ABS(E83),"000000000000000"),1,3)=0,"",MID(TEXT(ABS(E83),"000000000000000"),1,1)&" ratus "&MID(TEXT(ABS(E83),"000000000000000"),2,1)&" puluh "&MID(TEXT(ABS(E83),"000000000000000"),3,1)&" trilyun ")&IF(--MID(TEXT(ABS(E83),"000000000000000"),4,3)=0,"",MID(TEXT(ABS(E83),"000000000000000"),4,1)&" ratus "&MID(TEXT(ABS(E83),"000000000000000"),5,1)&" puluh "&MID(TEXT(ABS(E83),"000000000000000"),6,1)&" milyar ")&IF(--MID(TEXT(ABS(E83),"000000000000000"),7,3)=0,"",MID(TEXT(ABS(E83),"000000000000000"),7,1)&" ratus "&MID(TEXT(ABS(E83),"000000000000000"),8,1)&" puluh "&MID(TEXT(ABS(E83),"000000000000000"),9,1)&" juta ")&IF(--MID(TEXT(ABS(E83),"000000000000000"),10,3)=0,"",IF(--MID(TEXT(ABS(E83),"000000000000000"),10,3)=1,"*",MID(TEXT(ABS(E83),"000000000000000"),10,1)&" ratus "&MID(TEXT(ABS(E83),"000000000000000"),11,1)&" puluh ")&MID(TEXT(ABS(E83),"000000000000000"),12,1)&" ribu ")&IF(--MID(TEXT(ABS(E83),"000000000000000"),13,3)=0,"",MID(TEXT(ABS(E83),"000000000000000"),13,1)&" ratus "&MID(TEXT(ABS(E83),"000000000000000"),14,1)&" puluh "&MID(TEXT(ABS(E83),"000000000000000"),15,1)),1,"satu"),2,"dua"),3,"tiga"),4,"empat"),5,"lima"),6,"enam"),7,"tujuh"),8,"delapan"),9,"sembilan"),"0 ratus",""),"0 puluh",""),"satu puluh 0","sepuluh"),"satu puluh satu","sebelas"),"satu puluh dua","duabelas"),"satu puluh tiga","tigabelas"),"satu puluh empat","empatbelas"),"satu puluh lima","limabelas"),"satu puluh enam","enambelas"),"satu puluh tujuh","tujuhbelas"),"satu puluh delapan","delapanbelas"),"satu puluh sembilan","sembilanbelas"),"satu ratus","seratus"),"*satu ribu","seribu"),0,""))," "," "))&" Rupiah") -> Tujuh Juta Enam Ribu Empat Ratus Dua Puluh Tujuh Rupiah
J87: Banjarmasin, 09 Februari 2026
A88: MENGETAHUI | J88: YANG MEMBUAT
A93: IRNA WAHYUNI N. | J93: M. ZULKIFLI
A102: NOTA PENCIRAN DANA (NPD)
A103: Nomor : 049/DIV-KEU/PPB/II/2026
A104: BENDAHARA PENGELUARAN
A105: PERUMDA PASAR BANJARMASIN
A106: Supaya Mencairkan Dana
A108: 1. Sub Kegiatan | D108: : | E108: Beban Umum & Keuangan
A109: 2. Nomor | D109: : | E109: 2.1.4
A110: 3. Tahun Anggaran | D110: : | E110: 2026
A111: 4. Jumlah Yang Diminta | D111: : | E111: =J123 -> 1003500
D112: : | E112: =PROPER(IF(E111=0,"nol",IF(E111<0,"minus ","")&SUBSTITUTE(TRIM(SUBSTITUTE(SUBSTITUTE(SUBSTITUTE(SUBSTITUTE(SUBSTITUTE(SUBSTITUTE(SUBSTITUTE(SUBSTITUTE(SUBSTITUTE(SUBSTITUTE(SUBSTITUTE(SUBSTITUTE(SUBSTITUTE(SUBSTITUTE(SUBSTITUTE(SUBSTITUTE(SUBSTITUTE(SUBSTITUTE(SUBSTITUTE(SUBSTITUTE(SUBSTITUTE(SUBSTITUTE(SUBSTITUTE(SUBSTITUTE(IF(--MID(TEXT(ABS(E111),"000000000000000"),1,3)=0,"",MID(TEXT(ABS(E111),"000000000000000"),1,1)&" ratus "&MID(TEXT(ABS(E111),"000000000000000"),2,1)&" puluh "&MID(TEXT(ABS(E111),"000000000000000"),3,1)&" trilyun ")&IF(--MID(TEXT(ABS(E111),"000000000000000"),4,3)=0,"",MID(TEXT(ABS(E111),"000000000000000"),4,1)&" ratus "&MID(TEXT(ABS(E111),"000000000000000"),5,1)&" puluh "&MID(TEXT(ABS(E111),"000000000000000"),6,1)&" milyar ")&IF(--MID(TEXT(ABS(E111),"000000000000000"),7,3)=0,"",MID(TEXT(ABS(E111),"000000000000000"),7,1)&" ratus "&MID(TEXT(ABS(E111),"000000000000000"),8,1)&" puluh "&MID(TEXT(ABS(E111),"000000000000000"),9,1)&" juta ")&IF(--MID(TEXT(ABS(E111),"000000000000000"),10,3)=0,"",IF(--MID(TEXT(ABS(E111),"000000000000000"),10,3)=1,"*",MID(TEXT(ABS(E111),"000000000000000"),10,1)&" ratus "&MID(TEXT(ABS(E111),"000000000000000"),11,1)&" puluh ")&MID(TEXT(ABS(E111),"000000000000000"),12,1)&" ribu ")&IF(--MID(TEXT(ABS(E111),"000000000000000"),13,3)=0,"",MID(TEXT(ABS(E111),"000000000000000"),13,1)&" ratus "&MID(TEXT(ABS(E111),"000000000000000"),14,1)&" puluh "&MID(TEXT(ABS(E111),"000000000000000"),15,1)),1,"satu"),2,"dua"),3,"tiga"),4,"empat"),5,"lima"),6,"enam"),7,"tujuh"),8,"delapan"),9,"sembilan"),"0 ratus",""),"0 puluh",""),"satu puluh 0","sepuluh"),"satu puluh satu","sebelas"),"satu puluh dua","duabelas"),"satu puluh tiga","tigabelas"),"satu puluh empat","empatbelas"),"satu puluh lima","limabelas"),"satu puluh enam","enambelas"),"satu puluh tujuh","tujuhbelas"),"satu puluh delapan","delapanbelas"),"satu puluh sembilan","sembilanbelas"),"satu ratus","seratus"),"*satu ribu","seribu"),0,""))," "," "))&" Rupiah") -> Satu Juta Tiga Ribu Lima Ratus Rupiah
A115: Pembebanan Pada Kode Rekening
A116: NO | B116: Kode | C116: Uraian | G116: Anggaran | H116: Akumulasi Pencairan dana Bulan Januari s/d Desember | J116: Pencairan Saat ini | K116: Sisa Anggaran
A117: 1 | C117: Beban Telepon/Listrik/Air/Wifi/Website | G117: --------------- | H117: --------------- | J117: --------------- | K117: ---------------
B118: 1.1 | C118: Biaya Telepon/Pulsa/Paket Data Hp Operasional | G118: 12000000 | H118: =H71+J71 -> 0 | J118: 0 | K118: =G118-H118-J118 -> 12000000
B119: 1.2 | C119: Biaya Air | G119: 18000000 | H119: =H72+J72 -> 2224121 | J119: 0 | K119: =G119-H119-J119 -> 15775879
B120: 1.3 | C120: Biaya Listrik | G120: 80000000 | H120: =H73+J73 -> 9068767 | J120: 1003500 | K120: =G120-H120-J120 -> 69927733
B121: 1.4 | C121: Biaya Wifi/Internet | G121: 20400000 | H121: =H74+J74 -> 2083724 | J121: 0 | K121: =G121-H121-J121 -> 18316276
B122: 1.5 | C122: Biaya Website dan Aplikasi | G122: 50000000 | H122: =H75+J75 -> 62369180 | J122: 0 | K122: =G122-H122-J122 -> -12369180
C123: JUMLAH | G123: =SUM(G117:G122) -> 180400000 | H123: =SUM(H117:H122) -> 75745792 | J123: =SUM(J117:J122) -> 1003500 | K123: =SUM(K117:K122) -> 103650708
A125: Jumlah Yang Diminta | D125: : | E125: =J123 -> 1003500
A126: PPN | D126: :
A127: PPh Psl 21/22/23/4(2) | D127: :
A128: Jumlah Potongan | D128: : | E128: =E126+E127 -> 0
A130: Jumlah yang dibayarkan | D130: : | E130: =E125-E128 -> 1003500
E131: =PROPER(IF(E130=0,"nol",IF(E130<0,"minus ","")&SUBSTITUTE(TRIM(SUBSTITUTE(SUBSTITUTE(SUBSTITUTE(SUBSTITUTE(SUBSTITUTE(SUBSTITUTE(SUBSTITUTE(SUBSTITUTE(SUBSTITUTE(SUBSTITUTE(SUBSTITUTE(SUBSTITUTE(SUBSTITUTE(SUBSTITUTE(SUBSTITUTE(SUBSTITUTE(SUBSTITUTE(SUBSTITUTE(SUBSTITUTE(SUBSTITUTE(SUBSTITUTE(SUBSTITUTE(SUBSTITUTE(SUBSTITUTE(IF(--MID(TEXT(ABS(E130),"000000000000000"),1,3)=0,"",MID(TEXT(ABS(E130),"000000000000000"),1,1)&" ratus "&MID(TEXT(ABS(E130),"000000000000000"),2,1)&" puluh "&MID(TEXT(ABS(E130),"000000000000000"),3,1)&" trilyun ")&IF(--MID(TEXT(ABS(E130),"000000000000000"),4,3)=0,"",MID(TEXT(ABS(E130),"000000000000000"),4,1)&" ratus "&MID(TEXT(ABS(E130),"000000000000000"),5,1)&" puluh "&MID(TEXT(ABS(E130),"000000000000000"),6,1)&" milyar ")&IF(--MID(TEXT(ABS(E130),"000000000000000"),7,3)=0,"",MID(TEXT(ABS(E130),"000000000000000"),7,1)&" ratus "&MID(TEXT(ABS(E130),"000000000000000"),8,1)&" puluh "&MID(TEXT(ABS(E130),"000000000000000"),9,1)&" juta ")&IF(--MID(TEXT(ABS(E130),"000000000000000"),10,3)=0,"",IF(--MID(TEXT(ABS(E130),"000000000000000"),10,3)=1,"*",MID(TEXT(ABS(E130),"000000000000000"),10,1)&" ratus "&MID(TEXT(ABS(E130),"000000000000000"),11,1)&" puluh ")&MID(TEXT(ABS(E130),"000000000000000"),12,1)&" ribu ")&IF(--MID(TEXT(ABS(E130),"000000000000000"),13,3)=0,"",MID(TEXT(ABS(E130),"000000000000000"),13,1)&" ratus "&MID(TEXT(ABS(E130),"000000000000000"),14,1)&" puluh "&MID(TEXT(ABS(E130),"000000000000000"),15,1)),1,"satu"),2,"dua"),3,"tiga"),4,"empat"),5,"lima"),6,"enam"),7,"tujuh"),8,"delapan"),9,"sembilan"),"0 ratus",""),"0 puluh",""),"satu puluh 0","sepuluh"),"satu puluh satu","sebelas"),"satu puluh dua","duabelas"),"satu puluh tiga","tigabelas"),"satu puluh empat","empatbelas"),"satu puluh lima","limabelas"),"satu puluh enam","enambelas"),"satu puluh tujuh","tujuhbelas"),"satu puluh delapan","delapanbelas"),"satu puluh sembilan","sembilanbelas"),"satu ratus","seratus"),"*satu ribu","seribu"),0,""))," "," "))&" Rupiah") -> Satu Juta Tiga Ribu Lima Ratus Rupiah
J134: Banjarmasin, 10 Februari 2026
A135: MENGETAHUI | J135: YANG MEMBUAT
A140: IRNA WAHYUNI N. | J140: M. ZULKIFLI
A149: NOTA PENCIRAN DANA (NPD)
A150: Nomor : 089/DIV-KEU/PPB/II/2026
A151: BENDAHARA PENGELUARAN
A152: PERUMDA PASAR BANJARMASIN
A153: Supaya Mencairkan Dana
A155: 1. Sub Kegiatan | D155: : | E155: Beban Umum & Keuangan
A156: 2. Nomor | D156: : | E156: 2.1.4
A157: 3. Tahun Anggaran | D157: : | E157: 2026
A158: 4. Jumlah Yang Diminta | D158: : | E158: =J170 -> 1896000
D159: : | E159: =PROPER(IF(E158=0,"nol",IF(E158<0,"minus ","")&SUBSTITUTE(TRIM(SUBSTITUTE(SUBSTITUTE(SUBSTITUTE(SUBSTITUTE(SUBSTITUTE(SUBSTITUTE(SUBSTITUTE(SUBSTITUTE(SUBSTITUTE(SUBSTITUTE(SUBSTITUTE(SUBSTITUTE(SUBSTITUTE(SUBSTITUTE(SUBSTITUTE(SUBSTITUTE(SUBSTITUTE(SUBSTITUTE(SUBSTITUTE(SUBSTITUTE(SUBSTITUTE(SUBSTITUTE(SUBSTITUTE(SUBSTITUTE(IF(--MID(TEXT(ABS(E158),"000000000000000"),1,3)=0,"",MID(TEXT(ABS(E158),"000000000000000"),1,1)&" ratus "&MID(TEXT(ABS(E158),"000000000000000"),2,1)&" puluh "&MID(TEXT(ABS(E158),"000000000000000"),3,1)&" trilyun ")&IF(--MID(TEXT(ABS(E158),"000000000000000"),4,3)=0,"",MID(TEXT(ABS(E158),"000000000000000"),4,1)&" ratus "&MID(TEXT(ABS(E158),"000000000000000"),5,1)&" puluh "&MID(TEXT(ABS(E158),"000000000000000"),6,1)&" milyar ")&IF(--MID(TEXT(ABS(E158),"000000000000000"),7,3)=0,"",MID(TEXT(ABS(E158),"000000000000000"),7,1)&" ratus "&MID(TEXT(ABS(E158),"000000000000000"),8,1)&" puluh "&MID(TEXT(ABS(E158),"000000000000000"),9,1)&" juta ")&IF(--MID(TEXT(ABS(E158),"000000000000000"),10,3)=0,"",IF(--MID(TEXT(ABS(E158),"000000000000000"),10,3)=1,"*",MID(TEXT(ABS(E158),"000000000000000"),10,1)&" ratus "&MID(TEXT(ABS(E158),"000000000000000"),11,1)&" puluh ")&MID(TEXT(ABS(E158),"000000000000000"),12,1)&" ribu ")&IF(--MID(TEXT(ABS(E158),"000000000000000"),13,3)=0,"",MID(TEXT(ABS(E158),"000000000000000"),13,1)&" ratus "&MID(TEXT(ABS(E158),"000000000000000"),14,1)&" puluh "&MID(TEXT(ABS(E158),"000000000000000"),15,1)),1,"satu"),2,"dua"),3,"tiga"),4,"empat"),5,"lima"),6,"enam"),7,"tujuh"),8,"delapan"),9,"sembilan"),"0 ratus",""),"0 puluh",""),"satu puluh 0","sepuluh"),"satu puluh satu","sebelas"),"satu puluh dua","duabelas"),"satu puluh tiga","tigabelas"),"satu puluh empat","empatbelas"),"satu puluh lima","limabelas"),"satu puluh enam","enambelas"),"satu puluh tujuh","tujuhbelas"),"satu puluh delapan","delapanbelas"),"satu puluh sembilan","sembilanbelas"),"satu ratus","seratus"),"*satu ribu","seribu"),0,""))," "," "))&" Rupiah") -> Satu Juta Delapan Ratus Sembilan Puluh Enam Ribu Rupiah
A162: Pembebanan Pada Kode Rekening
A163: NO | B163: Kode | C163: Uraian | G163: Anggaran | H163: Akumulasi Pencairan dana Bulan Januari s/d Desember | J163: Pencairan Saat ini | K163: Sisa Anggaran
A164: 1 | C164: Beban Telepon/Listrik/Air/Wifi/Website | G164: --------------- | H164: --------------- | J164: --------------- | K164: ---------------
B165: 1.1 | C165: Biaya Telepon/Pulsa/Paket Data Hp Operasional | G165: 12000000 | H165: =H118+J118 -> 0 | J165: 0 | K165: =G165-H165-J165 -> 12000000
B166: 1.2 | C166: Biaya Air | G166: 18000000 | H166: =H119+J119 -> 2224121 | J166: 0 | K166: =G166-H166-J166 -> 15775879
B167: 1.3 | C167: Biaya Listrik | G167: 80000000 | H167: =H120+J120 -> 10072267 | J167: 0 | K167: =G167-H167-J167 -> 69927733
...

Sheet MARET
A8: NOTA PENCIRAN DANA (NPD)
A9: Nomor : 034/DIV-KEU/PPB/III/2026
A10: BENDAHARA PENGELUARAN
A11: PERUMDA PASAR BANJARMASIN
A12: Supaya Mencairkan Dana
A14: 1. Sub Kegiatan | D14: : | E14: Beban Umum & Keuangan
A15: 2. Nomor | D15: : | E15: 2.1.4
A16: 3. Tahun Anggaran | D16: : | E16: 2026
A17: 4. Jumlah Yang Diminta | D17: : | E17: =J29 -> 5833332
D18: : | E18: =PROPER(IF(E17=0,"nol",IF(E17<0,"minus ","")&SUBSTITUTE(TRIM(SUBSTITUTE(SUBSTITUTE(SUBSTITUTE(SUBSTITUTE(SUBSTITUTE(SUBSTITUTE(SUBSTITUTE(SUBSTITUTE(SUBSTITUTE(SUBSTITUTE(SUBSTITUTE(SUBSTITUTE(SUBSTITUTE(SUBSTITUTE(SUBSTITUTE(SUBSTITUTE(SUBSTITUTE(SUBSTITUTE(SUBSTITUTE(SUBSTITUTE(SUBSTITUTE(SUBSTITUTE(SUBSTITUTE(SUBSTITUTE(IF(--MID(TEXT(ABS(E17),"000000000000000"),1,3)=0,"",MID(TEXT(ABS(E17),"000000000000000"),1,1)&" ratus "&MID(TEXT(ABS(E17),"000000000000000"),2,1)&" puluh "&MID(TEXT(ABS(E17),"000000000000000"),3,1)&" trilyun ")&IF(--MID(TEXT(ABS(E17),"000000000000000"),4,3)=0,"",MID(TEXT(ABS(E17),"000000000000000"),4,1)&" ratus "&MID(TEXT(ABS(E17),"000000000000000"),5,1)&" puluh "&MID(TEXT(ABS(E17),"000000000000000"),6,1)&" milyar ")&IF(--MID(TEXT(ABS(E17),"000000000000000"),7,3)=0,"",MID(TEXT(ABS(E17),"000000000000000"),7,1)&" ratus "&MID(TEXT(ABS(E17),"000000000000000"),8,1)&" puluh "&MID(TEXT(ABS(E17),"000000000000000"),9,1)&" juta ")&IF(--MID(TEXT(ABS(E17),"000000000000000"),10,3)=0,"",IF(--MID(TEXT(ABS(E17),"000000000000000"),10,3)=1,"*",MID(TEXT(ABS(E17),"000000000000000"),10,1)&" ratus "&MID(TEXT(ABS(E17),"000000000000000"),11,1)&" puluh ")&MID(TEXT(ABS(E17),"000000000000000"),12,1)&" ribu ")&IF(--MID(TEXT(ABS(E17),"000000000000000"),13,3)=0,"",MID(TEXT(ABS(E17),"000000000000000"),13,1)&" ratus "&MID(TEXT(ABS(E17),"000000000000000"),14,1)&" puluh "&MID(TEXT(ABS(E17),"000000000000000"),15,1)),1,"satu"),2,"dua"),3,"tiga"),4,"empat"),5,"lima"),6,"enam"),7,"tujuh"),8,"delapan"),9,"sembilan"),"0 ratus",""),"0 puluh",""),"satu puluh 0","sepuluh"),"satu puluh satu","sebelas"),"satu puluh dua","duabelas"),"satu puluh tiga","tigabelas"),"satu puluh empat","empatbelas"),"satu puluh lima","limabelas"),"satu puluh enam","enambelas"),"satu puluh tujuh","tujuhbelas"),"satu puluh delapan","delapanbelas"),"satu puluh sembilan","sembilanbelas"),"satu ratus","seratus"),"*satu ribu","seribu"),0,""))," "," "))&" Rupiah") -> Lima Juta Delapan Ratus Tiga Puluh Tiga Ribu Tiga Ratus Tiga Puluh Dua Rupiah
A21: Pembebanan Pada Kode Rekening
A22: NO | B22: Kode | C22: Uraian | G22: Anggaran | H22: Akumulasi Pencairan dana Bulan Januari s/d Desember | J22: Pencairan Saat ini | K22: Sisa Anggaran
A23: 1 | C23: Beban Telepon/Listrik/Air/Wifi/Website | G23: --------------- | H23: --------------- | J23: --------------- | K23: ---------------
B24: 1.1 | C24: Biaya Telepon/Pulsa/Paket Data Hp Operasional | G24: 12000000 | H24: =FEBRUARI!H165+FEBRUARI!J165 -> 0 | J24: 0 | K24: =G24-H24-J24 -> 12000000
B25: 1.2 | C25: Biaya Air | G25: 18000000 | H25: =FEBRUARI!H166+FEBRUARI!J166 -> 2224121 | J25: 1252278 | K25: =G25-H25-J25 -> 14523601
B26: 1.3 | C26: Biaya Listrik | G26: 80000000 | H26: =FEBRUARI!H167+FEBRUARI!J167 -> 10072267 | J26: 3187164 | K26: =G26-H26-J26 -> 66740569
B27: 1.4 | C27: Biaya Wifi/Internet | G27: 20400000 | H27: =FEBRUARI!H168+FEBRUARI!J168 -> 2083724 | J27: 1393890 | K27: =G27-H27-J27 -> 16922386
B28: 1.5 | C28: Biaya Website dan Aplikasi | G28: 50000000 | H28: =FEBRUARI!H169+FEBRUARI!J169 -> 64265180 | J28: 0 | K28: =G28-H28-J28 -> -14265180
C29: JUMLAH | G29: =SUM(G23:G28) -> 180400000 | H29: =SUM(H23:H28) -> 78645292 | J29: =SUM(J23:J28) -> 5833332 | K29: =SUM(K23:K28) -> 95921376
A31: Jumlah Yang Diminta | D31: : | E31: =J29 -> 5833332
A32: PPN | D32: :
A33: PPh Psl 21/22/23/4(2) | D33: :
A34: Jumlah Potongan | D34: : | E34: =E32+E33 -> 0
A36: Jumlah yang dibayarkan | D36: : | E36: =E31-E34 -> 5833332
E37: =PROPER(IF(E36=0,"nol",IF(E36<0,"minus ","")&SUBSTITUTE(TRIM(SUBSTITUTE(SUBSTITUTE(SUBSTITUTE(SUBSTITUTE(SUBSTITUTE(SUBSTITUTE(SUBSTITUTE(SUBSTITUTE(SUBSTITUTE(SUBSTITUTE(SUBSTITUTE(SUBSTITUTE(SUBSTITUTE(SUBSTITUTE(SUBSTITUTE(SUBSTITUTE(SUBSTITUTE(SUBSTITUTE(SUBSTITUTE(SUBSTITUTE(SUBSTITUTE(SUBSTITUTE(SUBSTITUTE(SUBSTITUTE(IF(--MID(TEXT(ABS(E36),"000000000000000"),1,3)=0,"",MID(TEXT(ABS(E36),"000000000000000"),1,1)&" ratus "&MID(TEXT(ABS(E36),"000000000000000"),2,1)&" puluh "&MID(TEXT(ABS(E36),"000000000000000"),3,1)&" trilyun ")&IF(--MID(TEXT(ABS(E36),"000000000000000"),4,3)=0,"",MID(TEXT(ABS(E36),"000000000000000"),4,1)&" ratus "&MID(TEXT(ABS(E36),"000000000000000"),5,1)&" puluh "&MID(TEXT(ABS(E36),"000000000000000"),6,1)&" milyar ")&IF(--MID(TEXT(ABS(E36),"000000000000000"),7,3)=0,"",MID(TEXT(ABS(E36),"000000000000000"),7,1)&" ratus "&MID(TEXT(ABS(E36),"000000000000000"),8,1)&" puluh "&MID(TEXT(ABS(E36),"000000000000000"),9,1)&" juta ")&IF(--MID(TEXT(ABS(E36),"000000000000000"),10,3)=0,"",IF(--MID(TEXT(ABS(E36),"000000000000000"),10,3)=1,"*",MID(TEXT(ABS(E36),"000000000000000"),10,1)&" ratus "&MID(TEXT(ABS(E36),"000000000000000"),11,1)&" puluh ")&MID(TEXT(ABS(E36),"000000000000000"),12,1)&" ribu ")&IF(--MID(TEXT(ABS(E36),"000000000000000"),13,3)=0,"",MID(TEXT(ABS(E36),"000000000000000"),13,1)&" ratus "&MID(TEXT(ABS(E36),"000000000000000"),14,1)&" puluh "&MID(TEXT(ABS(E36),"000000000000000"),15,1)),1,"satu"),2,"dua"),3,"tiga"),4,"empat"),5,"lima"),6,"enam"),7,"tujuh"),8,"delapan"),9,"sembilan"),"0 ratus",""),"0 puluh",""),"satu puluh 0","sepuluh"),"satu puluh satu","sebelas"),"satu puluh dua","duabelas"),"satu puluh tiga","tigabelas"),"satu puluh empat","empatbelas"),"satu puluh lima","limabelas"),"satu puluh enam","enambelas"),"satu puluh tujuh","tujuhbelas"),"satu puluh delapan","delapanbelas"),"satu puluh sembilan","sembilanbelas"),"satu ratus","seratus"),"*satu ribu","seribu"),0,""))," "," "))&" Rupiah") -> Lima Juta Delapan Ratus Tiga Puluh Tiga Ribu Tiga Ratus Tiga Puluh Dua Rupiah
J40: Banjarmasin, 16 Maret 2026
A41: MENGETAHUI | J41: YANG MEMBUAT
A46: IRNA WAHYUNI N. | J46: M. ZULKIFLI
A55: NOTA PENCIRAN DANA (NPD)
A56: Nomor : 045/DIV-KEU/PPB/II/2026
A57: BENDAHARA PENGELUARAN
A58: PERUMDA PASAR BANJARMASIN
A59: Supaya Mencairkan Dana
A61: 1. Sub Kegiatan | D61: : | E61: Beban Umum & Keuangan
A62: 2. Nomor | D62: : | E62: 2.1.4
A63: 3. Tahun Anggaran | D63: : | E63: 2026
A64: 4. Jumlah Yang Diminta | D64: : | E64: =J76 -> 7006427
D65: : | E65: =PROPER(IF(E64=0,"nol",IF(E64<0,"minus ","")&SUBSTITUTE(TRIM(SUBSTITUTE(SUBSTITUTE(SUBSTITUTE(SUBSTITUTE(SUBSTITUTE(SUBSTITUTE(SUBSTITUTE(SUBSTITUTE(SUBSTITUTE(SUBSTITUTE(SUBSTITUTE(SUBSTITUTE(SUBSTITUTE(SUBSTITUTE(SUBSTITUTE(SUBSTITUTE(SUBSTITUTE(SUBSTITUTE(SUBSTITUTE(SUBSTITUTE(SUBSTITUTE(SUBSTITUTE(SUBSTITUTE(SUBSTITUTE(IF(--MID(TEXT(ABS(E64),"000000000000000"),1,3)=0,"",MID(TEXT(ABS(E64),"000000000000000"),1,1)&" ratus "&MID(TEXT(ABS(E64),"000000000000000"),2,1)&" puluh "&MID(TEXT(ABS(E64),"000000000000000"),3,1)&" trilyun ")&IF(--MID(TEXT(ABS(E64),"000000000000000"),4,3)=0,"",MID(TEXT(ABS(E64),"000000000000000"),4,1)&" ratus "&MID(TEXT(ABS(E64),"000000000000000"),5,1)&" puluh "&MID(TEXT(ABS(E64),"000000000000000"),6,1)&" milyar ")&IF(--MID(TEXT(ABS(E64),"000000000000000"),7,3)=0,"",MID(TEXT(ABS(E64),"000000000000000"),7,1)&" ratus "&MID(TEXT(ABS(E64),"000000000000000"),8,1)&" puluh "&MID(TEXT(ABS(E64),"000000000000000"),9,1)&" juta ")&IF(--MID(TEXT(ABS(E64),"000000000000000"),10,3)=0,"",IF(--MID(TEXT(ABS(E64),"000000000000000"),10,3)=1,"*",MID(TEXT(ABS(E64),"000000000000000"),10,1)&" ratus "&MID(TEXT(ABS(E64),"000000000000000"),11,1)&" puluh ")&MID(TEXT(ABS(E64),"000000000000000"),12,1)&" ribu ")&IF(--MID(TEXT(ABS(E64),"000000000000000"),13,3)=0,"",MID(TEXT(ABS(E64),"000000000000000"),13,1)&" ratus "&MID(TEXT(ABS(E64),"000000000000000"),14,1)&" puluh "&MID(TEXT(ABS(E64),"000000000000000"),15,1)),1,"satu"),2,"dua"),3,"tiga"),4,"empat"),5,"lima"),6,"enam"),7,"tujuh"),8,"delapan"),9,"sembilan"),"0 ratus",""),"0 puluh",""),"satu puluh 0","sepuluh"),"satu puluh satu","sebelas"),"satu puluh dua","duabelas"),"satu puluh tiga","tigabelas"),"satu puluh empat","empatbelas"),"satu puluh lima","limabelas"),"satu puluh enam","enambelas"),"satu puluh tujuh","tujuhbelas"),"satu puluh delapan","delapanbelas"),"satu puluh sembilan","sembilanbelas"),"satu ratus","seratus"),"*satu ribu","seribu"),0,""))," "," "))&" Rupiah") -> Tujuh Juta Enam Ribu Empat Ratus Dua Puluh Tujuh Rupiah
A68: Pembebanan Pada Kode Rekening
A69: NO | B69: Kode | C69: Uraian | G69: Anggaran | H69: Akumulasi Pencairan dana Bulan Januari s/d Desember | J69: Pencairan Saat ini | K69: Sisa Anggaran
A70: 1 | C70: Beban Telepon/Listrik/Air/Wifi/Website | G70: --------------- | H70: --------------- | J70: --------------- | K70: ---------------
B71: 1.1 | C71: Biaya Telepon/Pulsa/Paket Data Hp Operasional | G71: 12000000 | H71: =H24+J24 -> 0 | J71: 0 | K71: =G71-H71-J71 -> 12000000
B72: 1.2 | C72: Biaya Air | G72: 18000000 | H72: =H25+J25 -> 3476399 | J72: 1031376 | K72: =G72-H72-J72 -> 13492225
B73: 1.3 | C73: Biaya Listrik | G73: 80000000 | H73: =H26+J26 -> 13259431 | J73: 4795427 | K73: =G73-H73-J73 -> 61945142
B74: 1.4 | C74: Biaya Wifi/Internet | G74: 20400000 | H74: =H27+J27 -> 3477614 | J74: 1179624 | K74: =G74-H74-J74 -> 15742762
B75: 1.5 | C75: Biaya Website dan Aplikasi | G75: 50000000 | H75: =H28+J28 -> 64265180 | J75: 0 | K75: =G75-H75-J75 -> -14265180
C76: JUMLAH | G76: =SUM(G70:G75) -> 180400000 | H76: =SUM(H70:H75) -> 84478624 | J76: =SUM(J70:J75) -> 7006427 | K76: =SUM(K70:K75) -> 88914949
A78: Jumlah Yang Diminta | D78: : | E78: =J76 -> 7006427
A79: PPN | D79: :
A80: PPh Psl 21/22/23/4(2) | D80: :
A81: Jumlah Potongan | D81: : | E81: =E79+E80 -> 0
A83: Jumlah yang dibayarkan | D83: : | E83: =E78-E81 -> 7006427
E84: =PROPER(IF(E83=0,"nol",IF(E83<0,"minus ","")&SUBSTITUTE(TRIM(SUBSTITUTE(SUBSTITUTE(SUBSTITUTE(SUBSTITUTE(SUBSTITUTE(SUBSTITUTE(SUBSTITUTE(SUBSTITUTE(SUBSTITUTE(SUBSTITUTE(SUBSTITUTE(SUBSTITUTE(SUBSTITUTE(SUBSTITUTE(SUBSTITUTE(SUBSTITUTE(SUBSTITUTE(SUBSTITUTE(SUBSTITUTE(SUBSTITUTE(SUBSTITUTE(SUBSTITUTE(SUBSTITUTE(SUBSTITUTE(IF(--MID(TEXT(ABS(E83),"000000000000000"),1,3)=0,"",MID(TEXT(ABS(E83),"000000000000000"),1,1)&" ratus "&MID(TEXT(ABS(E83),"000000000000000"),2,1)&" puluh "&MID(TEXT(ABS(E83),"000000000000000"),3,1)&" trilyun ")&IF(--MID(TEXT(ABS(E83),"000000000000000"),4,3)=0,"",MID(TEXT(ABS(E83),"000000000000000"),4,1)&" ratus "&MID(TEXT(ABS(E83),"000000000000000"),5,1)&" puluh "&MID(TEXT(ABS(E83),"000000000000000"),6,1)&" milyar ")&IF(--MID(TEXT(ABS(E83),"000000000000000"),7,3)=0,"",MID(TEXT(ABS(E83),"000000000000000"),7,1)&" ratus "&MID(TEXT(ABS(E83),"000000000000000"),8,1)&" puluh "&MID(TEXT(ABS(E83),"000000000000000"),9,1)&" juta ")&IF(--MID(TEXT(ABS(E83),"000000000000000"),10,3)=0,"",IF(--MID(TEXT(ABS(E83),"000000000000000"),10,3)=1,"*",MID(TEXT(ABS(E83),"000000000000000"),10,1)&" ratus "&MID(TEXT(ABS(E83),"000000000000000"),11,1)&" puluh ")&MID(TEXT(ABS(E83),"000000000000000"),12,1)&" ribu ")&IF(--MID(TEXT(ABS(E83),"000000000000000"),13,3)=0,"",MID(TEXT(ABS(E83),"000000000000000"),13,1)&" ratus "&MID(TEXT(ABS(E83),"000000000000000"),14,1)&" puluh "&MID(TEXT(ABS(E83),"000000000000000"),15,1)),1,"satu"),2,"dua"),3,"tiga"),4,"empat"),5,"lima"),6,"enam"),7,"tujuh"),8,"delapan"),9,"sembilan"),"0 ratus",""),"0 puluh",""),"satu puluh 0","sepuluh"),"satu puluh satu","sebelas"),"satu puluh dua","duabelas"),"satu puluh tiga","tigabelas"),"satu puluh empat","empatbelas"),"satu puluh lima","limabelas"),"satu puluh enam","enambelas"),"satu puluh tujuh","tujuhbelas"),"satu puluh delapan","delapanbelas"),"satu puluh sembilan","sembilanbelas"),"satu ratus","seratus"),"*satu ribu","seribu"),0,""))," "," "))&" Rupiah") -> Tujuh Juta Enam Ribu Empat Ratus Dua Puluh Tujuh Rupiah
J87: Banjarmasin, 09 Februari 2026
A88: MENGETAHUI | J88: YANG MEMBUAT
A93: IRNA WAHYUNI N. | J93: M. ZULKIFLI
A102: NOTA PENCIRAN DANA (NPD)
A103: Nomor : 049/DIV-KEU/PPB/II/2026
A104: BENDAHARA PENGELUARAN
A105: PERUMDA PASAR BANJARMASIN
A106: Supaya Mencairkan Dana
A108: 1. Sub Kegiatan | D108: : | E108: Beban Umum & Keuangan
A109: 2. Nomor | D109: : | E109: 2.1.4
A110: 3. Tahun Anggaran | D110: : | E110: 2026
A111: 4. Jumlah Yang Diminta | D111: : | E111: =J123 -> 1003500
D112: : | E112: =PROPER(IF(E111=0,"nol",IF(E111<0,"minus ","")&SUBSTITUTE(TRIM(SUBSTITUTE(SUBSTITUTE(SUBSTITUTE(SUBSTITUTE(SUBSTITUTE(SUBSTITUTE(SUBSTITUTE(SUBSTITUTE(SUBSTITUTE(SUBSTITUTE(SUBSTITUTE(SUBSTITUTE(SUBSTITUTE(SUBSTITUTE(SUBSTITUTE(SUBSTITUTE(SUBSTITUTE(SUBSTITUTE(SUBSTITUTE(SUBSTITUTE(SUBSTITUTE(SUBSTITUTE(SUBSTITUTE(SUBSTITUTE(IF(--MID(TEXT(ABS(E111),"000000000000000"),1,3)=0,"",MID(TEXT(ABS(E111),"000000000000000"),1,1)&" ratus "&MID(TEXT(ABS(E111),"000000000000000"),2,1)&" puluh "&MID(TEXT(ABS(E111),"000000000000000"),3,1)&" trilyun ")&IF(--MID(TEXT(ABS(E111),"000000000000000"),4,3)=0,"",MID(TEXT(ABS(E111),"000000000000000"),4,1)&" ratus "&MID(TEXT(ABS(E111),"000000000000000"),5,1)&" puluh "&MID(TEXT(ABS(E111),"000000000000000"),6,1)&" milyar ")&IF(--MID(TEXT(ABS(E111),"000000000000000"),7,3)=0,"",MID(TEXT(ABS(E111),"000000000000000"),7,1)&" ratus "&MID(TEXT(ABS(E111),"000000000000000"),8,1)&" puluh "&MID(TEXT(ABS(E111),"000000000000000"),9,1)&" juta ")&IF(--MID(TEXT(ABS(E111),"000000000000000"),10,3)=0,"",IF(--MID(TEXT(ABS(E111),"000000000000000"),10,3)=1,"*",MID(TEXT(ABS(E111),"000000000000000"),10,1)&" ratus "&MID(TEXT(ABS(E111),"000000000000000"),11,1)&" puluh ")&MID(TEXT(ABS(E111),"000000000000000"),12,1)&" ribu ")&IF(--MID(TEXT(ABS(E111),"000000000000000"),13,3)=0,"",MID(TEXT(ABS(E111),"000000000000000"),13,1)&" ratus "&MID(TEXT(ABS(E111),"000000000000000"),14,1)&" puluh "&MID(TEXT(ABS(E111),"000000000000000"),15,1)),1,"satu"),2,"dua"),3,"tiga"),4,"empat"),5,"lima"),6,"enam"),7,"tujuh"),8,"delapan"),9,"sembilan"),"0 ratus",""),"0 puluh",""),"satu puluh 0","sepuluh"),"satu puluh satu","sebelas"),"satu puluh dua","duabelas"),"satu puluh tiga","tigabelas"),"satu puluh empat","empatbelas"),"satu puluh lima","limabelas"),"satu puluh enam","enambelas"),"satu puluh tujuh","tujuhbelas"),"satu puluh delapan","delapanbelas"),"satu puluh sembilan","sembilanbelas"),"satu ratus","seratus"),"*satu ribu","seribu"),0,""))," "," "))&" Rupiah") -> Satu Juta Tiga Ribu Lima Ratus Rupiah
A115: Pembebanan Pada Kode Rekening
A116: NO | B116: Kode | C116: Uraian | G116: Anggaran | H116: Akumulasi Pencairan dana Bulan Januari s/d Desember | J116: Pencairan Saat ini | K116: Sisa Anggaran
A117: 1 | C117: Beban Telepon/Listrik/Air/Wifi/Website | G117: --------------- | H117: --------------- | J117: --------------- | K117: ---------------
B118: 1.1 | C118: Biaya Telepon/Pulsa/Paket Data Hp Operasional | G118: 12000000 | H118: =H71+J71 -> 0 | J118: 0 | K118: =G118-H118-J118 -> 12000000
B119: 1.2 | C119: Biaya Air | G119: 18000000 | H119: =H72+J72 -> 4507775 | J119: 0 | K119: =G119-H119-J119 -> 13492225
B120: 1.3 | C120: Biaya Listrik | G120: 80000000 | H120: =H73+J73 -> 18054858 | J120: 1003500 | K120: =G120-H120-J120 -> 60941642
B121: 1.4 | C121: Biaya Wifi/Internet | G121: 20400000 | H121: =H74+J74 -> 4657238 | J121: 0 | K121: =G121-H121-J121 -> 15742762
B122: 1.5 | C122: Biaya Website dan Aplikasi | G122: 50000000 | H122: =H75+J75 -> 64265180 | J122: 0 | K122: =G122-H122-J122 -> -14265180
C123: JUMLAH | G123: =SUM(G117:G122) -> 180400000 | H123: =SUM(H117:H122) -> 91485051 | J123: =SUM(J117:J122) -> 1003500 | K123: =SUM(K117:K122) -> 87911449
A125: Jumlah Yang Diminta | D125: : | E125: =J123 -> 1003500
A126: PPN | D126: :
A127: PPh Psl 21/22/23/4(2) | D127: :
A128: Jumlah Potongan | D128: : | E128: =E126+E127 -> 0
A130: Jumlah yang dibayarkan | D130: : | E130: =E125-E128 -> 1003500
E131: =PROPER(IF(E130=0,"nol",IF(E130<0,"minus ","")&SUBSTITUTE(TRIM(SUBSTITUTE(SUBSTITUTE(SUBSTITUTE(SUBSTITUTE(SUBSTITUTE(SUBSTITUTE(SUBSTITUTE(SUBSTITUTE(SUBSTITUTE(SUBSTITUTE(SUBSTITUTE(SUBSTITUTE(SUBSTITUTE(SUBSTITUTE(SUBSTITUTE(SUBSTITUTE(SUBSTITUTE(SUBSTITUTE(SUBSTITUTE(SUBSTITUTE(SUBSTITUTE(SUBSTITUTE(SUBSTITUTE(SUBSTITUTE(IF(--MID(TEXT(ABS(E130),"000000000000000"),1,3)=0,"",MID(TEXT(ABS(E130),"000000000000000"),1,1)&" ratus "&MID(TEXT(ABS(E130),"000000000000000"),2,1)&" puluh "&MID(TEXT(ABS(E130),"000000000000000"),3,1)&" trilyun ")&IF(--MID(TEXT(ABS(E130),"000000000000000"),4,3)=0,"",MID(TEXT(ABS(E130),"000000000000000"),4,1)&" ratus "&MID(TEXT(ABS(E130),"000000000000000"),5,1)&" puluh "&MID(TEXT(ABS(E130),"000000000000000"),6,1)&" milyar ")&IF(--MID(TEXT(ABS(E130),"000000000000000"),7,3)=0,"",MID(TEXT(ABS(E130),"000000000000000"),7,1)&" ratus "&MID(TEXT(ABS(E130),"000000000000000"),8,1)&" puluh "&MID(TEXT(ABS(E130),"000000000000000"),9,1)&" juta ")&IF(--MID(TEXT(ABS(E130),"000000000000000"),10,3)=0,"",IF(--MID(TEXT(ABS(E130),"000000000000000"),10,3)=1,"*",MID(TEXT(ABS(E130),"000000000000000"),10,1)&" ratus "&MID(TEXT(ABS(E130),"000000000000000"),11,1)&" puluh ")&MID(TEXT(ABS(E130),"000000000000000"),12,1)&" ribu ")&IF(--MID(TEXT(ABS(E130),"000000000000000"),13,3)=0,"",MID(TEXT(ABS(E130),"000000000000000"),13,1)&" ratus "&MID(TEXT(ABS(E130),"000000000000000"),14,1)&" puluh "&MID(TEXT(ABS(E130),"000000000000000"),15,1)),1,"satu"),2,"dua"),3,"tiga"),4,"empat"),5,"lima"),6,"enam"),7,"tujuh"),8,"delapan"),9,"sembilan"),"0 ratus",""),"0 puluh",""),"satu puluh 0","sepuluh"),"satu puluh satu","sebelas"),"satu puluh dua","duabelas"),"satu puluh tiga","tigabelas"),"satu puluh empat","empatbelas"),"satu puluh lima","limabelas"),"satu puluh enam","enambelas"),"satu puluh tujuh","tujuhbelas"),"satu puluh delapan","delapanbelas"),"satu puluh sembilan","sembilanbelas"),"satu ratus","seratus"),"*satu ribu","seribu"),0,""))," "," "))&" Rupiah") -> Satu Juta Tiga Ribu Lima Ratus Rupiah
J134: Banjarmasin, 10 Februari 2026
A135: MENGETAHUI | J135: YANG MEMBUAT
A140: IRNA WAHYUNI N. | J140: M. ZULKIFLI
A149: NOTA PENCIRAN DANA (NPD)
A150: Nomor : 089/DIV-KEU/PPB/II/2026
A151: BENDAHARA PENGELUARAN
A152: PERUMDA PASAR BANJARMASIN
A153: Supaya Mencairkan Dana
A155: 1. Sub Kegiatan | D155: : | E155: Beban Umum & Keuangan
A156: 2. Nomor | D156: : | E156: 2.1.4
A157: 3. Tahun Anggaran | D157: : | E157: 2026
A158: 4. Jumlah Yang Diminta | D158: : | E158: =J170 -> 1896000
D159: : | E159: =PROPER(IF(E158=0,"nol",IF(E158<0,"minus ","")&SUBSTITUTE(TRIM(SUBSTITUTE(SUBSTITUTE(SUBSTITUTE(SUBSTITUTE(SUBSTITUTE(SUBSTITUTE(SUBSTITUTE(SUBSTITUTE(SUBSTITUTE(SUBSTITUTE(SUBSTITUTE(SUBSTITUTE(SUBSTITUTE(SUBSTITUTE(SUBSTITUTE(SUBSTITUTE(SUBSTITUTE(SUBSTITUTE(SUBSTITUTE(SUBSTITUTE(SUBSTITUTE(SUBSTITUTE(SUBSTITUTE(SUBSTITUTE(IF(--MID(TEXT(ABS(E158),"000000000000000"),1,3)=0,"",MID(TEXT(ABS(E158),"000000000000000"),1,1)&" ratus "&MID(TEXT(ABS(E158),"000000000000000"),2,1)&" puluh "&MID(TEXT(ABS(E158),"000000000000000"),3,1)&" trilyun ")&IF(--MID(TEXT(ABS(E158),"000000000000000"),4,3)=0,"",MID(TEXT(ABS(E158),"000000000000000"),4,1)&" ratus "&MID(TEXT(ABS(E158),"000000000000000"),5,1)&" puluh "&MID(TEXT(ABS(E158),"000000000000000"),6,1)&" milyar ")&IF(--MID(TEXT(ABS(E158),"000000000000000"),7,3)=0,"",MID(TEXT(ABS(E158),"000000000000000"),7,1)&" ratus "&MID(TEXT(ABS(E158),"000000000000000"),8,1)&" puluh "&MID(TEXT(ABS(E158),"000000000000000"),9,1)&" juta ")&IF(--MID(TEXT(ABS(E158),"000000000000000"),10,3)=0,"",IF(--MID(TEXT(ABS(E158),"000000000000000"),10,3)=1,"*",MID(TEXT(ABS(E158),"000000000000000"),10,1)&" ratus "&MID(TEXT(ABS(E158),"000000000000000"),11,1)&" puluh ")&MID(TEXT(ABS(E158),"000000000000000"),12,1)&" ribu ")&IF(--MID(TEXT(ABS(E158),"000000000000000"),13,3)=0,"",MID(TEXT(ABS(E158),"000000000000000"),13,1)&" ratus "&MID(TEXT(ABS(E158),"000000000000000"),14,1)&" puluh "&MID(TEXT(ABS(E158),"000000000000000"),15,1)),1,"satu"),2,"dua"),3,"tiga"),4,"empat"),5,"lima"),6,"enam"),7,"tujuh"),8,"delapan"),9,"sembilan"),"0 ratus",""),"0 puluh",""),"satu puluh 0","sepuluh"),"satu puluh satu","sebelas"),"satu puluh dua","duabelas"),"satu puluh tiga","tigabelas"),"satu puluh empat","empatbelas"),"satu puluh lima","limabelas"),"satu puluh enam","enambelas"),"satu puluh tujuh","tujuhbelas"),"satu puluh delapan","delapanbelas"),"satu puluh sembilan","sembilanbelas"),"satu ratus","seratus"),"*satu ribu","seribu"),0,""))," "," "))&" Rupiah") -> Satu Juta Delapan Ratus Sembilan Puluh Enam Ribu Rupiah
A162: Pembebanan Pada Kode Rekening
A163: NO | B163: Kode | C163: Uraian | G163: Anggaran | H163: Akumulasi Pencairan dana Bulan Januari s/d Desember | J163: Pencairan Saat ini | K163: Sisa Anggaran
A164: 1 | C164: Beban Telepon/Listrik/Air/Wifi/Website | G164: --------------- | H164: --------------- | J164: --------------- | K164: ---------------
B165: 1.1 | C165: Biaya Telepon/Pulsa/Paket Data Hp Operasional | G165: 12000000 | H165: =H118+J118 -> 0 | J165: 0 | K165: =G165-H165-J165 -> 12000000
B166: 1.2 | C166: Biaya Air | G166: 18000000 | H166: =H119+J119 -> 4507775 | J166: 0 | K166: =G166-H166-J166 -> 13492225
B167: 1.3 | C167: Biaya Listrik | G167: 80000000 | H167: =H120+J120 -> 19058358 | J167: 0 | K167: =G167-H167-J167 -> 60941642
...
