Workbook

Sheet JANUARI
A8: NOTA PENCAIRAN DANA (NPD)
A9: Nomor : 10/DIV-KEU/PPB/I/2026
A10: BENDAHARA PENGELUARAN
A11: PERUMDA PASAR BANJARMASIN
A12: Supaya Mencairkan Dana
A14: 1. Sub Kegiatan | D14: : | E14: Beban Operasional dan Bisnis
A15: 2. Nomor | D15: : | E15: 2.1.3
A16: 3. Tahun Anggaran | D16: : | E16: 2026
A17: 4. Jumlah Yang Diminta | D17: : | E17: =I30 -> 850000
D18: : | E18: =PROPER(IF(E17=0,"nol",IF(E17<0,"minus ","")&SUBSTITUTE(TRIM(SUBSTITUTE(SUBSTITUTE(SUBSTITUTE(SUBSTITUTE(SUBSTITUTE(SUBSTITUTE(SUBSTITUTE(SUBSTITUTE(SUBSTITUTE(SUBSTITUTE(SUBSTITUTE(SUBSTITUTE(SUBSTITUTE(SUBSTITUTE(SUBSTITUTE(SUBSTITUTE(SUBSTITUTE(SUBSTITUTE(SUBSTITUTE(SUBSTITUTE(SUBSTITUTE(SUBSTITUTE(SUBSTITUTE(SUBSTITUTE(IF(--MID(TEXT(ABS(E17),"000000000000000"),1,3)=0,"",MID(TEXT(ABS(E17),"000000000000000"),1,1)&" ratus "&MID(TEXT(ABS(E17),"000000000000000"),2,1)&" puluh "&MID(TEXT(ABS(E17),"000000000000000"),3,1)&" trilyun ")&IF(--MID(TEXT(ABS(E17),"000000000000000"),4,3)=0,"",MID(TEXT(ABS(E17),"000000000000000"),4,1)&" ratus "&MID(TEXT(ABS(E17),"000000000000000"),5,1)&" puluh "&MID(TEXT(ABS(E17),"000000000000000"),6,1)&" milyar ")&IF(--MID(TEXT(ABS(E17),"000000000000000"),7,3)=0,"",MID(TEXT(ABS(E17),"000000000000000"),7,1)&" ratus "&MID(TEXT(ABS(E17),"000000000000000"),8,1)&" puluh "&MID(TEXT(ABS(E17),"000000000000000"),9,1)&" juta ")&IF(--MID(TEXT(ABS(E17),"000000000000000"),10,3)=0,"",IF(--MID(TEXT(ABS(E17),"000000000000000"),10,3)=1,"*",MID(TEXT(ABS(E17),"000000000000000"),10,1)&" ratus "&MID(TEXT(ABS(E17),"000000000000000"),11,1)&" puluh ")&MID(TEXT(ABS(E17),"000000000000000"),12,1)&" ribu ")&IF(--MID(TEXT(ABS(E17),"000000000000000"),13,3)=0,"",MID(TEXT(ABS(E17),"000000000000000"),13,1)&" ratus "&MID(TEXT(ABS(E17),"000000000000000"),14,1)&" puluh "&MID(TEXT(ABS(E17),"000000000000000"),15,1)),1,"satu"),2,"dua"),3,"tiga"),4,"empat"),5,"lima"),6,"enam"),7,"tujuh"),8,"delapan"),9,"sembilan"),"0 ratus",""),"0 puluh",""),"satu puluh 0","sepuluh"),"satu puluh satu","sebelas"),"satu puluh dua","duabelas"),"satu puluh tiga","tigabelas"),"satu puluh empat","empatbelas"),"satu puluh lima","limabelas"),"satu puluh enam","enambelas"),"satu puluh tujuh","tujuhbelas"),"satu puluh delapan","delapanbelas"),"satu puluh sembilan","sembilanbelas"),"satu ratus","seratus"),"*satu ribu","seribu"),0,""))," "," "))&" Rupiah") -> Delapan Ratus Lima Puluh Ribu Rupiah
A21: Pembebanan Pada Kode Rekening
A22: NO | C22: Uraian | G22: Anggaran | H22: Akumulasi Pencairan dana Bulan Lalu | I22: Pencairan Saat ini | J22: Sisa Anggaran
A23: 1 | C23: Kelengkapan Pegawai | G23: --------------- | H23: --------------- | I23: --------------- | J23: ---------------
B24: 1.1 | C24: Atribut Petugas Penagihan (Rompi + Tas) | G24: 10000000 | H24: 0 | I24: 0 | J24: =G24-H24-I24 -> 10000000
B25: 1.2 | C25: Baju Petugas Kebersihan | G25: 28600000 | H25: 0 | I25: 0 | J25: =G25-H25-I25 -> 28600000
B26: 1.3 | C26: Atribut Petugas Kebersihan (Sepatu Booth + Jas Hujan + Rompi Scotlight) | G26: 20000000 | H26: 0 | I26: 850000 | J26: =G26-H26-I26 -> 19150000
B27: 1.4 | C27: Cetak ID Card + Pin Perumda | G27: 3000000 | H27: 0 | I27: 0 | J27: =G27-H27-I27 -> 3000000
B28: 1.5 | C28: Atribut Petugas Parkir (Baju + Topi) | G28: 15000000 | H28: 0 | I28: 0 | J28: =G28-H28-I28 -> 15000000
B29: 1.6 | C29: Atribut Petugas Keamanan (29) | G29: 28175000 | H29: 0 | I29: 0 | J29: =G29-H29-I29 -> 28175000
C30: JUMLAH | G30: =SUM(G23:G29) -> 104775000 | H30: =SUM(H23:H27) -> 0 | I30: =SUM(I23:I27) -> 850000 | J30: =SUM(J23:K29) -> 103925000
A32: Jumlah Yang Diminta | D32: : | E32: =I30 -> 850000
A33: PPN | D33: :
A34: PPh Psl 21/22/23/4(2) | D34: :
A35: Jumlah Potongan | D35: : | E35: =E33+E34 -> 0
A37: Jumlah yang dibayarkan | D37: : | E37: =E32-E35 -> 850000
E38: =PROPER(IF(E37=0,"nol",IF(E37<0,"minus ","")&SUBSTITUTE(TRIM(SUBSTITUTE(SUBSTITUTE(SUBSTITUTE(SUBSTITUTE(SUBSTITUTE(SUBSTITUTE(SUBSTITUTE(SUBSTITUTE(SUBSTITUTE(SUBSTITUTE(SUBSTITUTE(SUBSTITUTE(SUBSTITUTE(SUBSTITUTE(SUBSTITUTE(SUBSTITUTE(SUBSTITUTE(SUBSTITUTE(SUBSTITUTE(SUBSTITUTE(SUBSTITUTE(SUBSTITUTE(SUBSTITUTE(SUBSTITUTE(IF(--MID(TEXT(ABS(E37),"000000000000000"),1,3)=0,"",MID(TEXT(ABS(E37),"000000000000000"),1,1)&" ratus "&MID(TEXT(ABS(E37),"000000000000000"),2,1)&" puluh "&MID(TEXT(ABS(E37),"000000000000000"),3,1)&" trilyun ")&IF(--MID(TEXT(ABS(E37),"000000000000000"),4,3)=0,"",MID(TEXT(ABS(E37),"000000000000000"),4,1)&" ratus "&MID(TEXT(ABS(E37),"000000000000000"),5,1)&" puluh "&MID(TEXT(ABS(E37),"000000000000000"),6,1)&" milyar ")&IF(--MID(TEXT(ABS(E37),"000000000000000"),7,3)=0,"",MID(TEXT(ABS(E37),"000000000000000"),7,1)&" ratus "&MID(TEXT(ABS(E37),"000000000000000"),8,1)&" puluh "&MID(TEXT(ABS(E37),"000000000000000"),9,1)&" juta ")&IF(--MID(TEXT(ABS(E37),"000000000000000"),10,3)=0,"",IF(--MID(TEXT(ABS(E37),"000000000000000"),10,3)=1,"*",MID(TEXT(ABS(E37),"000000000000000"),10,1)&" ratus "&MID(TEXT(ABS(E37),"000000000000000"),11,1)&" puluh ")&MID(TEXT(ABS(E37),"000000000000000"),12,1)&" ribu ")&IF(--MID(TEXT(ABS(E37),"000000000000000"),13,3)=0,"",MID(TEXT(ABS(E37),"000000000000000"),13,1)&" ratus "&MID(TEXT(ABS(E37),"000000000000000"),14,1)&" puluh "&MID(TEXT(ABS(E37),"000000000000000"),15,1)),1,"satu"),2,"dua"),3,"tiga"),4,"empat"),5,"lima"),6,"enam"),7,"tujuh"),8,"delapan"),9,"sembilan"),"0 ratus",""),"0 puluh",""),"satu puluh 0","sepuluh"),"satu puluh satu","sebelas"),"satu puluh dua","duabelas"),"satu puluh tiga","tigabelas"),"satu puluh empat","empatbelas"),"satu puluh lima","limabelas"),"satu puluh enam","enambelas"),"satu puluh tujuh","tujuhbelas"),"satu puluh delapan","delapanbelas"),"satu puluh sembilan","sembilanbelas"),"satu ratus","seratus"),"*satu ribu","seribu"),0,""))," "," "))&" Rupiah") -> Delapan Ratus Lima Puluh Ribu Rupiah
I41: Banjarmasin, 06 Januari 2026
A42: MENGETAHUI | I42: YANG MEMBUAT
A47: IRNA WAHYUNI N. | I47: M. ZULKIFLI
A56: NOTA PENCAIRAN DANA (NPD)
A57: Nomor : 15/DIV-KEU/PPB/I/2026
A58: BENDAHARA PENGELUARAN
A59: PERUMDA PASAR BANJARMASIN
A60: Supaya Mencairkan Dana
A62: 1. Sub Kegiatan | D62: : | E62: Beban Operasional dan Bisnis
A63: 2. Nomor | D63: : | E63: 2.1.3
A64: 3. Tahun Anggaran | D64: : | E64: 2026
A65: 4. Jumlah Yang Diminta | D65: : | E65: =I78 -> 935000
D66: : | E66: =PROPER(IF(E65=0,"nol",IF(E65<0,"minus ","")&SUBSTITUTE(TRIM(SUBSTITUTE(SUBSTITUTE(SUBSTITUTE(SUBSTITUTE(SUBSTITUTE(SUBSTITUTE(SUBSTITUTE(SUBSTITUTE(SUBSTITUTE(SUBSTITUTE(SUBSTITUTE(SUBSTITUTE(SUBSTITUTE(SUBSTITUTE(SUBSTITUTE(SUBSTITUTE(SUBSTITUTE(SUBSTITUTE(SUBSTITUTE(SUBSTITUTE(SUBSTITUTE(SUBSTITUTE(SUBSTITUTE(SUBSTITUTE(IF(--MID(TEXT(ABS(E65),"000000000000000"),1,3)=0,"",MID(TEXT(ABS(E65),"000000000000000"),1,1)&" ratus "&MID(TEXT(ABS(E65),"000000000000000"),2,1)&" puluh "&MID(TEXT(ABS(E65),"000000000000000"),3,1)&" trilyun ")&IF(--MID(TEXT(ABS(E65),"000000000000000"),4,3)=0,"",MID(TEXT(ABS(E65),"000000000000000"),4,1)&" ratus "&MID(TEXT(ABS(E65),"000000000000000"),5,1)&" puluh "&MID(TEXT(ABS(E65),"000000000000000"),6,1)&" milyar ")&IF(--MID(TEXT(ABS(E65),"000000000000000"),7,3)=0,"",MID(TEXT(ABS(E65),"000000000000000"),7,1)&" ratus "&MID(TEXT(ABS(E65),"000000000000000"),8,1)&" puluh "&MID(TEXT(ABS(E65),"000000000000000"),9,1)&" juta ")&IF(--MID(TEXT(ABS(E65),"000000000000000"),10,3)=0,"",IF(--MID(TEXT(ABS(E65),"000000000000000"),10,3)=1,"*",MID(TEXT(ABS(E65),"000000000000000"),10,1)&" ratus "&MID(TEXT(ABS(E65),"000000000000000"),11,1)&" puluh ")&MID(TEXT(ABS(E65),"000000000000000"),12,1)&" ribu ")&IF(--MID(TEXT(ABS(E65),"000000000000000"),13,3)=0,"",MID(TEXT(ABS(E65),"000000000000000"),13,1)&" ratus "&MID(TEXT(ABS(E65),"000000000000000"),14,1)&" puluh "&MID(TEXT(ABS(E65),"000000000000000"),15,1)),1,"satu"),2,"dua"),3,"tiga"),4,"empat"),5,"lima"),6,"enam"),7,"tujuh"),8,"delapan"),9,"sembilan"),"0 ratus",""),"0 puluh",""),"satu puluh 0","sepuluh"),"satu puluh satu","sebelas"),"satu puluh dua","duabelas"),"satu puluh tiga","tigabelas"),"satu puluh empat","empatbelas"),"satu puluh lima","limabelas"),"satu puluh enam","enambelas"),"satu puluh tujuh","tujuhbelas"),"satu puluh delapan","delapanbelas"),"satu puluh sembilan","sembilanbelas"),"satu ratus","seratus"),"*satu ribu","seribu"),0,""))," "," "))&" Rupiah") -> Sembilan Ratus Tiga Puluh Lima Ribu Rupiah
A69: Pembebanan Pada Kode Rekening
A70: NO | C70: Uraian | G70: Anggaran | H70: Akumulasi Pencairan dana Bulan Lalu | I70: Pencairan Saat ini | J70: Sisa Anggaran
A71: 1 | C71: Kelengkapan Pegawai | G71: --------------- | H71: --------------- | I71: --------------- | J71: ---------------
B72: 1.1 | C72: Atribut Petugas Penagihan (Rompi + Tas) | G72: 10000000 | H72: =H24+I24 -> 0 | I72: 0 | J72: =G72-H72-I72 -> 10000000
B73: 1.2 | C73: Baju Petugas Kebersihan | G73: 28600000 | H73: =H25+I25 -> 0 | I73: 0 | J73: =G73-H73-I73 -> 28600000
B74: 1.3 | C74: Atribut Petugas Kebersihan (Sepatu Booth + Jas Hujan + Rompi Scotlight) | G74: 20000000 | H74: =H26+I26 -> 850000 | I74: 935000 | J74: =G74-H74-I74 -> 18215000
B75: 1.4 | C75: Cetak ID Card + Pin Perumda | G75: 3000000 | H75: =H27+I27 -> 0 | I75: 0 | J75: =G75-H75-I75 -> 3000000
B76: 1.5 | C76: Atribut Petugas Parkir (Baju + Topi) | G76: 15000000 | H76: =H28+I28 -> 0 | I76: 0 | J76: =G76-H76-I76 -> 15000000
B77: 1.6 | C77: Atribut Petugas Keamanan (29) | G77: 28175000 | H77: =H29+I29 -> 0 | I77: 0 | J77: =G77-H77-I77 -> 28175000
C78: JUMLAH | G78: =SUM(G71:G77) -> 104775000 | H78: =SUM(H71:H75) -> 850000 | I78: =SUM(I71:I75) -> 935000 | J78: =SUM(J71:K77) -> 102990000
A80: Jumlah Yang Diminta | D80: : | E80: =I78 -> 935000
A81: PPN | D81: :
A82: PPh Psl 21/22/23/4(2) | D82: :
A83: Jumlah Potongan | D83: : | E83: =E81+E82 -> 0
A85: Jumlah yang dibayarkan | D85: : | E85: =E80-E83 -> 935000
E86: =PROPER(IF(E85=0,"nol",IF(E85<0,"minus ","")&SUBSTITUTE(TRIM(SUBSTITUTE(SUBSTITUTE(SUBSTITUTE(SUBSTITUTE(SUBSTITUTE(SUBSTITUTE(SUBSTITUTE(SUBSTITUTE(SUBSTITUTE(SUBSTITUTE(SUBSTITUTE(SUBSTITUTE(SUBSTITUTE(SUBSTITUTE(SUBSTITUTE(SUBSTITUTE(SUBSTITUTE(SUBSTITUTE(SUBSTITUTE(SUBSTITUTE(SUBSTITUTE(SUBSTITUTE(SUBSTITUTE(SUBSTITUTE(IF(--MID(TEXT(ABS(E85),"000000000000000"),1,3)=0,"",MID(TEXT(ABS(E85),"000000000000000"),1,1)&" ratus "&MID(TEXT(ABS(E85),"000000000000000"),2,1)&" puluh "&MID(TEXT(ABS(E85),"000000000000000"),3,1)&" trilyun ")&IF(--MID(TEXT(ABS(E85),"000000000000000"),4,3)=0,"",MID(TEXT(ABS(E85),"000000000000000"),4,1)&" ratus "&MID(TEXT(ABS(E85),"000000000000000"),5,1)&" puluh "&MID(TEXT(ABS(E85),"000000000000000"),6,1)&" milyar ")&IF(--MID(TEXT(ABS(E85),"000000000000000"),7,3)=0,"",MID(TEXT(ABS(E85),"000000000000000"),7,1)&" ratus "&MID(TEXT(ABS(E85),"000000000000000"),8,1)&" puluh "&MID(TEXT(ABS(E85),"000000000000000"),9,1)&" juta ")&IF(--MID(TEXT(ABS(E85),"000000000000000"),10,3)=0,"",IF(--MID(TEXT(ABS(E85),"000000000000000"),10,3)=1,"*",MID(TEXT(ABS(E85),"000000000000000"),10,1)&" ratus "&MID(TEXT(ABS(E85),"000000000000000"),11,1)&" puluh ")&MID(TEXT(ABS(E85),"000000000000000"),12,1)&" ribu ")&IF(--MID(TEXT(ABS(E85),"000000000000000"),13,3)=0,"",MID(TEXT(ABS(E85),"000000000000000"),13,1)&" ratus "&MID(TEXT(ABS(E85),"000000000000000"),14,1)&" puluh "&MID(TEXT(ABS(E85),"000000000000000"),15,1)),1,"satu"),2,"dua"),3,"tiga"),4,"empat"),5,"lima"),6,"enam"),7,"tujuh"),8,"delapan"),9,"sembilan"),"0 ratus",""),"0 puluh",""),"satu puluh 0","sepuluh"),"satu puluh satu","sebelas"),"satu puluh dua","duabelas"),"satu puluh tiga","tigabelas"),"satu puluh empat","empatbelas"),"satu puluh lima","limabelas"),"satu puluh enam","enambelas"),"satu puluh tujuh","tujuhbelas"),"satu puluh delapan","delapanbelas"),"satu puluh sembilan","sembilanbelas"),"satu ratus","seratus"),"*satu ribu","seribu"),0,""))," "," "))&" Rupiah") -> Sembilan Ratus Tiga Puluh Lima Ribu Rupiah
I89: Banjarmasin, 08 Januari 2026
A90: MENGETAHUI | I90: YANG MEMBUAT
A95: IRNA WAHYUNI N. | I95: M. ZULKIFLI
A104: NOTA PENCAIRAN DANA (NPD)
A105: Nomor : 32/DIV-KEU/PPB/I/2026
A106: BENDAHARA PENGELUARAN
A107: PERUMDA PASAR BANJARMASIN
A108: Supaya Mencairkan Dana
A110: 1. Sub Kegiatan | D110: : | E110: Beban Operasional dan Bisnis
A111: 2. Nomor | D111: : | E111: 2.1.3
A112: 3. Tahun Anggaran | D112: : | E112: 2026
A113: 4. Jumlah Yang Diminta | D113: : | E113: =I126 -> 30000
D114: : | E114: =PROPER(IF(E113=0,"nol",IF(E113<0,"minus ","")&SUBSTITUTE(TRIM(SUBSTITUTE(SUBSTITUTE(SUBSTITUTE(SUBSTITUTE(SUBSTITUTE(SUBSTITUTE(SUBSTITUTE(SUBSTITUTE(SUBSTITUTE(SUBSTITUTE(SUBSTITUTE(SUBSTITUTE(SUBSTITUTE(SUBSTITUTE(SUBSTITUTE(SUBSTITUTE(SUBSTITUTE(SUBSTITUTE(SUBSTITUTE(SUBSTITUTE(SUBSTITUTE(SUBSTITUTE(SUBSTITUTE(SUBSTITUTE(IF(--MID(TEXT(ABS(E113),"000000000000000"),1,3)=0,"",MID(TEXT(ABS(E113),"000000000000000"),1,1)&" ratus "&MID(TEXT(ABS(E113),"000000000000000"),2,1)&" puluh "&MID(TEXT(ABS(E113),"000000000000000"),3,1)&" trilyun ")&IF(--MID(TEXT(ABS(E113),"000000000000000"),4,3)=0,"",MID(TEXT(ABS(E113),"000000000000000"),4,1)&" ratus "&MID(TEXT(ABS(E113),"000000000000000"),5,1)&" puluh "&MID(TEXT(ABS(E113),"000000000000000"),6,1)&" milyar ")&IF(--MID(TEXT(ABS(E113),"000000000000000"),7,3)=0,"",MID(TEXT(ABS(E113),"000000000000000"),7,1)&" ratus "&MID(TEXT(ABS(E113),"000000000000000"),8,1)&" puluh "&MID(TEXT(ABS(E113),"000000000000000"),9,1)&" juta ")&IF(--MID(TEXT(ABS(E113),"000000000000000"),10,3)=0,"",IF(--MID(TEXT(ABS(E113),"000000000000000"),10,3)=1,"*",MID(TEXT(ABS(E113),"000000000000000"),10,1)&" ratus "&MID(TEXT(ABS(E113),"000000000000000"),11,1)&" puluh ")&MID(TEXT(ABS(E113),"000000000000000"),12,1)&" ribu ")&IF(--MID(TEXT(ABS(E113),"000000000000000"),13,3)=0,"",MID(TEXT(ABS(E113),"000000000000000"),13,1)&" ratus "&MID(TEXT(ABS(E113),"000000000000000"),14,1)&" puluh "&MID(TEXT(ABS(E113),"000000000000000"),15,1)),1,"satu"),2,"dua"),3,"tiga"),4,"empat"),5,"lima"),6,"enam"),7,"tujuh"),8,"delapan"),9,"sembilan"),"0 ratus",""),"0 puluh",""),"satu puluh 0","sepuluh"),"satu puluh satu","sebelas"),"satu puluh dua","duabelas"),"satu puluh tiga","tigabelas"),"satu puluh empat","empatbelas"),"satu puluh lima","limabelas"),"satu puluh enam","enambelas"),"satu puluh tujuh","tujuhbelas"),"satu puluh delapan","delapanbelas"),"satu puluh sembilan","sembilanbelas"),"satu ratus","seratus"),"*satu ribu","seribu"),0,""))," "," "))&" Rupiah") -> Tiga Puluh Ribu Rupiah
A117: Pembebanan Pada Kode Rekening
A118: NO | C118: Uraian | G118: Anggaran | H118: Akumulasi Pencairan dana Bulan Lalu | I118: Pencairan Saat ini | J118: Sisa Anggaran
A119: 1 | C119: Kelengkapan Pegawai | G119: --------------- | H119: --------------- | I119: --------------- | J119: ---------------
B120: 1.1 | C120: Atribut Petugas Penagihan (Rompi + Tas) | G120: 10000000 | H120: =H72+I72 -> 0 | I120: 0 | J120: =G120-H120-I120 -> 10000000
B121: 1.2 | C121: Baju Petugas Kebersihan | G121: 28600000 | H121: =H73+I73 -> 0 | I121: 0 | J121: =G121-H121-I121 -> 28600000
B122: 1.3 | C122: Atribut Petugas Kebersihan (Sepatu Booth + Jas Hujan + Rompi Scotlight) | G122: 20000000 | H122: =H74+I74 -> 1785000 | I122: 0 | J122: =G122-H122-I122 -> 18215000
B123: 1.4 | C123: Cetak ID Card + Pin Perumda | G123: 3000000 | H123: =H75+I75 -> 0 | I123: 30000 | J123: =G123-H123-I123 -> 2970000
B124: 1.5 | C124: Atribut Petugas Parkir (Baju + Topi) | G124: 15000000 | H124: =H76+I76 -> 0 | I124: 0 | J124: =G124-H124-I124 -> 15000000
B125: 1.6 | C125: Atribut Petugas Keamanan (29) | G125: 28175000 | H125: =H77+I77 -> 0 | I125: 0 | J125: =G125-H125-I125 -> 28175000
C126: JUMLAH | G126: =SUM(G119:G125) -> 104775000 | H126: =SUM(H119:H123) -> 1785000 | I126: =SUM(I119:I123) -> 30000 | J126: =SUM(J119:K125) -> 102960000
A128: Jumlah Yang Diminta | D128: : | E128: =I126 -> 30000
A129: PPN | D129: :
A130: PPh Psl 21/22/23/4(2) | D130: :
A131: Jumlah Potongan | D131: : | E131: =E129+E130 -> 0
A133: Jumlah yang dibayarkan | D133: : | E133: =E128-E131 -> 30000
E134: =PROPER(IF(E133=0,"nol",IF(E133<0,"minus ","")&SUBSTITUTE(TRIM(SUBSTITUTE(SUBSTITUTE(SUBSTITUTE(SUBSTITUTE(SUBSTITUTE(SUBSTITUTE(SUBSTITUTE(SUBSTITUTE(SUBSTITUTE(SUBSTITUTE(SUBSTITUTE(SUBSTITUTE(SUBSTITUTE(SUBSTITUTE(SUBSTITUTE(SUBSTITUTE(SUBSTITUTE(SUBSTITUTE(SUBSTITUTE(SUBSTITUTE(SUBSTITUTE(SUBSTITUTE(SUBSTITUTE(SUBSTITUTE(IF(--MID(TEXT(ABS(E133),"000000000000000"),1,3)=0,"",MID(TEXT(ABS(E133),"000000000000000"),1,1)&" ratus "&MID(TEXT(ABS(E133),"000000000000000"),2,1)&" puluh "&MID(TEXT(ABS(E133),"000000000000000"),3,1)&" trilyun ")&IF(--MID(TEXT(ABS(E133),"000000000000000"),4,3)=0,"",MID(TEXT(ABS(E133),"000000000000000"),4,1)&" ratus "&MID(TEXT(ABS(E133),"000000000000000"),5,1)&" puluh "&MID(TEXT(ABS(E133),"000000000000000"),6,1)&" milyar ")&IF(--MID(TEXT(ABS(E133),"000000000000000"),7,3)=0,"",MID(TEXT(ABS(E133),"000000000000000"),7,1)&" ratus "&MID(TEXT(ABS(E133),"000000000000000"),8,1)&" puluh "&MID(TEXT(ABS(E133),"000000000000000"),9,1)&" juta ")&IF(--MID(TEXT(ABS(E133),"000000000000000"),10,3)=0,"",IF(--MID(TEXT(ABS(E133),"000000000000000"),10,3)=1,"*",MID(TEXT(ABS(E133),"000000000000000"),10,1)&" ratus "&MID(TEXT(ABS(E133),"000000000000000"),11,1)&" puluh ")&MID(TEXT(ABS(E133),"000000000000000"),12,1)&" ribu ")&IF(--MID(TEXT(ABS(E133),"000000000000000"),13,3)=0,"",MID(TEXT(ABS(E133),"000000000000000"),13,1)&" ratus "&MID(TEXT(ABS(E133),"000000000000000"),14,1)&" puluh "&MID(TEXT(ABS(E133),"000000000000000"),15,1)),1,"satu"),2,"dua"),3,"tiga"),4,"empat"),5,"lima"),6,"enam"),7,"tujuh"),8,"delapan"),9,"sembilan"),"0 ratus",""),"0 puluh",""),"satu puluh 0","sepuluh"),"satu puluh satu","sebelas"),"satu puluh dua","duabelas"),"satu puluh tiga","tigabelas"),"satu puluh empat","empatbelas"),"satu puluh lima","limabelas"),"satu puluh enam","enambelas"),"satu puluh tujuh","tujuhbelas"),"satu puluh delapan","delapanbelas"),"satu puluh sembilan","sembilanbelas"),"satu ratus","seratus"),"*satu ribu","seribu"),0,""))," "," "))&" Rupiah") -> Tiga Puluh Ribu Rupiah
I137: Banjarmasin, 13 Januari 2026
A138: MENGETAHUI | I138: YANG MEMBUAT
A143: IRNA WAHYUNI N. | I143: M. ZULKIFLI

Sheet FEBRUARI
A8: NOTA PENCAIRAN DANA (NPD)
A9: Nomor : 071/DIV-KEU/PPB/II/2026
A10: BENDAHARA PENGELUARAN
A11: PERUMDA PASAR BANJARMASIN
A12: Supaya Mencairkan Dana
A14: 1. Sub Kegiatan | D14: : | E14: Beban Operasional dan Bisnis
A15: 2. Nomor | D15: : | E15: 2.1.3
A16: 3. Tahun Anggaran | D16: : | E16: 2026
A17: 4. Jumlah Yang Diminta | D17: : | E17: =I30 -> 860000
D18: : | E18: =PROPER(IF(E17=0,"nol",IF(E17<0,"minus ","")&SUBSTITUTE(TRIM(SUBSTITUTE(SUBSTITUTE(SUBSTITUTE(SUBSTITUTE(SUBSTITUTE(SUBSTITUTE(SUBSTITUTE(SUBSTITUTE(SUBSTITUTE(SUBSTITUTE(SUBSTITUTE(SUBSTITUTE(SUBSTITUTE(SUBSTITUTE(SUBSTITUTE(SUBSTITUTE(SUBSTITUTE(SUBSTITUTE(SUBSTITUTE(SUBSTITUTE(SUBSTITUTE(SUBSTITUTE(SUBSTITUTE(SUBSTITUTE(IF(--MID(TEXT(ABS(E17),"000000000000000"),1,3)=0,"",MID(TEXT(ABS(E17),"000000000000000"),1,1)&" ratus "&MID(TEXT(ABS(E17),"000000000000000"),2,1)&" puluh "&MID(TEXT(ABS(E17),"000000000000000"),3,1)&" trilyun ")&IF(--MID(TEXT(ABS(E17),"000000000000000"),4,3)=0,"",MID(TEXT(ABS(E17),"000000000000000"),4,1)&" ratus "&MID(TEXT(ABS(E17),"000000000000000"),5,1)&" puluh "&MID(TEXT(ABS(E17),"000000000000000"),6,1)&" milyar ")&IF(--MID(TEXT(ABS(E17),"000000000000000"),7,3)=0,"",MID(TEXT(ABS(E17),"000000000000000"),7,1)&" ratus "&MID(TEXT(ABS(E17),"000000000000000"),8,1)&" puluh "&MID(TEXT(ABS(E17),"000000000000000"),9,1)&" juta ")&IF(--MID(TEXT(ABS(E17),"000000000000000"),10,3)=0,"",IF(--MID(TEXT(ABS(E17),"000000000000000"),10,3)=1,"*",MID(TEXT(ABS(E17),"000000000000000"),10,1)&" ratus "&MID(TEXT(ABS(E17),"000000000000000"),11,1)&" puluh ")&MID(TEXT(ABS(E17),"000000000000000"),12,1)&" ribu ")&IF(--MID(TEXT(ABS(E17),"000000000000000"),13,3)=0,"",MID(TEXT(ABS(E17),"000000000000000"),13,1)&" ratus "&MID(TEXT(ABS(E17),"000000000000000"),14,1)&" puluh "&MID(TEXT(ABS(E17),"000000000000000"),15,1)),1,"satu"),2,"dua"),3,"tiga"),4,"empat"),5,"lima"),6,"enam"),7,"tujuh"),8,"delapan"),9,"sembilan"),"0 ratus",""),"0 puluh",""),"satu puluh 0","sepuluh"),"satu puluh satu","sebelas"),"satu puluh dua","duabelas"),"satu puluh tiga","tigabelas"),"satu puluh empat","empatbelas"),"satu puluh lima","limabelas"),"satu puluh enam","enambelas"),"satu puluh tujuh","tujuhbelas"),"satu puluh delapan","delapanbelas"),"satu puluh sembilan","sembilanbelas"),"satu ratus","seratus"),"*satu ribu","seribu"),0,""))," "," "))&" Rupiah") -> Delapan Ratus Enam Puluh Ribu Rupiah
A21: Pembebanan Pada Kode Rekening
A22: NO | C22: Uraian | G22: Anggaran | H22: Akumulasi Pencairan dana Bulan Lalu | I22: Pencairan Saat ini | J22: Sisa Anggaran
A23: 1 | C23: Kelengkapan Pegawai | G23: --------------- | H23: --------------- | I23: --------------- | J23: ---------------
B24: 1.1 | C24: Atribut Petugas Penagihan (Rompi + Tas) | G24: 10000000 | H24: =JANUARI!H120+JANUARI!I120 -> 0 | I24: 0 | J24: =G24-H24-I24 -> 10000000
B25: 1.2 | C25: Baju Petugas Kebersihan | G25: 28600000 | H25: =JANUARI!H121+JANUARI!I121 -> 0 | I25: 860000 | J25: =G25-H25-I25 -> 27740000
B26: 1.3 | C26: Atribut Petugas Kebersihan (Sepatu Booth + Jas Hujan + Rompi Scotlight) | G26: 20000000 | H26: =JANUARI!H122+JANUARI!I122 -> 1785000 | I26: 0 | J26: =G26-H26-I26 -> 18215000
B27: 1.4 | C27: Cetak ID Card + Pin Perumda | G27: 3000000 | H27: =JANUARI!H123+JANUARI!I123 -> 30000 | I27: 0 | J27: =G27-H27-I27 -> 2970000
B28: 1.5 | C28: Atribut Petugas Parkir (Baju + Topi) | G28: 15000000 | H28: =JANUARI!H124+JANUARI!I124 -> 0 | I28: 0 | J28: =G28-H28-I28 -> 15000000
B29: 1.6 | C29: Atribut Petugas Keamanan (29) | G29: 28175000 | H29: =JANUARI!H125+JANUARI!I125 -> 0 | I29: 0 | J29: =G29-H29-I29 -> 28175000
C30: JUMLAH | G30: =SUM(G23:G29) -> 104775000 | H30: =SUM(H23:H27) -> 1815000 | I30: =SUM(I23:I27) -> 860000 | J30: =SUM(J23:K29) -> 102100000
A32: Jumlah Yang Diminta | D32: : | E32: =I30 -> 860000
A33: PPN | D33: :
A34: PPh Psl 21/22/23/4(2) | D34: :
A35: Jumlah Potongan | D35: : | E35: =E33+E34 -> 0
A37: Jumlah yang dibayarkan | D37: : | E37: =E32-E35 -> 860000
E38: =PROPER(IF(E37=0,"nol",IF(E37<0,"minus ","")&SUBSTITUTE(TRIM(SUBSTITUTE(SUBSTITUTE(SUBSTITUTE(SUBSTITUTE(SUBSTITUTE(SUBSTITUTE(SUBSTITUTE(SUBSTITUTE(SUBSTITUTE(SUBSTITUTE(SUBSTITUTE(SUBSTITUTE(SUBSTITUTE(SUBSTITUTE(SUBSTITUTE(SUBSTITUTE(SUBSTITUTE(SUBSTITUTE(SUBSTITUTE(SUBSTITUTE(SUBSTITUTE(SUBSTITUTE(SUBSTITUTE(SUBSTITUTE(IF(--MID(TEXT(ABS(E37),"000000000000000"),1,3)=0,"",MID(TEXT(ABS(E37),"000000000000000"),1,1)&" ratus "&MID(TEXT(ABS(E37),"000000000000000"),2,1)&" puluh "&MID(TEXT(ABS(E37),"000000000000000"),3,1)&" trilyun ")&IF(--MID(TEXT(ABS(E37),"000000000000000"),4,3)=0,"",MID(TEXT(ABS(E37),"000000000000000"),4,1)&" ratus "&MID(TEXT(ABS(E37),"000000000000000"),5,1)&" puluh "&MID(TEXT(ABS(E37),"000000000000000"),6,1)&" milyar ")&IF(--MID(TEXT(ABS(E37),"000000000000000"),7,3)=0,"",MID(TEXT(ABS(E37),"000000000000000"),7,1)&" ratus "&MID(TEXT(ABS(E37),"000000000000000"),8,1)&" puluh "&MID(TEXT(ABS(E37),"000000000000000"),9,1)&" juta ")&IF(--MID(TEXT(ABS(E37),"000000000000000"),10,3)=0,"",IF(--MID(TEXT(ABS(E37),"000000000000000"),10,3)=1,"*",MID(TEXT(ABS(E37),"000000000000000"),10,1)&" ratus "&MID(TEXT(ABS(E37),"000000000000000"),11,1)&" puluh ")&MID(TEXT(ABS(E37),"000000000000000"),12,1)&" ribu ")&IF(--MID(TEXT(ABS(E37),"000000000000000"),13,3)=0,"",MID(TEXT(ABS(E37),"000000000000000"),13,1)&" ratus "&MID(TEXT(ABS(E37),"000000000000000"),14,1)&" puluh "&MID(TEXT(ABS(E37),"000000000000000"),15,1)),1,"satu"),2,"dua"),3,"tiga"),4,"empat"),5,"lima"),6,"enam"),7,"tujuh"),8,"delapan"),9,"sembilan"),"0 ratus",""),"0 puluh",""),"satu puluh 0","sepuluh"),"satu puluh satu","sebelas"),"satu puluh dua","duabelas"),"satu puluh tiga","tigabelas"),"satu puluh empat","empatbelas"),"satu puluh lima","limabelas"),"satu puluh enam","enambelas"),"satu puluh tujuh","tujuhbelas"),"satu puluh delapan","delapanbelas"),"satu puluh sembilan","sembilanbelas"),"satu ratus","seratus"),"*satu ribu","seribu"),0,""))," "," "))&" Rupiah") -> Delapan Ratus Enam Puluh Ribu Rupiah
I41: Banjarmasin, 18 Februari 2026
A42: MENGETAHUI | I42: YANG MEMBUAT
A47: IRNA WAHYUNI N. | I47: M. ZULKIFLI
A56: NOTA PENCAIRAN DANA (NPD)
A57: Nomor : 084/DIV-KEU/PPB/II/2026
A58: BENDAHARA PENGELUARAN
A59: PERUMDA PASAR BANJARMASIN
A60: Supaya Mencairkan Dana
A62: 1. Sub Kegiatan | D62: : | E62: Beban Operasional dan Bisnis
A63: 2. Nomor | D63: : | E63: 2.1.3
A64: 3. Tahun Anggaran | D64: : | E64: 2026
A65: 4. Jumlah Yang Diminta | D65: : | E65: =I78 -> 2200000
D66: : | E66: =PROPER(IF(E65=0,"nol",IF(E65<0,"minus ","")&SUBSTITUTE(TRIM(SUBSTITUTE(SUBSTITUTE(SUBSTITUTE(SUBSTITUTE(SUBSTITUTE(SUBSTITUTE(SUBSTITUTE(SUBSTITUTE(SUBSTITUTE(SUBSTITUTE(SUBSTITUTE(SUBSTITUTE(SUBSTITUTE(SUBSTITUTE(SUBSTITUTE(SUBSTITUTE(SUBSTITUTE(SUBSTITUTE(SUBSTITUTE(SUBSTITUTE(SUBSTITUTE(SUBSTITUTE(SUBSTITUTE(SUBSTITUTE(IF(--MID(TEXT(ABS(E65),"000000000000000"),1,3)=0,"",MID(TEXT(ABS(E65),"000000000000000"),1,1)&" ratus "&MID(TEXT(ABS(E65),"000000000000000"),2,1)&" puluh "&MID(TEXT(ABS(E65),"000000000000000"),3,1)&" trilyun ")&IF(--MID(TEXT(ABS(E65),"000000000000000"),4,3)=0,"",MID(TEXT(ABS(E65),"000000000000000"),4,1)&" ratus "&MID(TEXT(ABS(E65),"000000000000000"),5,1)&" puluh "&MID(TEXT(ABS(E65),"000000000000000"),6,1)&" milyar ")&IF(--MID(TEXT(ABS(E65),"000000000000000"),7,3)=0,"",MID(TEXT(ABS(E65),"000000000000000"),7,1)&" ratus "&MID(TEXT(ABS(E65),"000000000000000"),8,1)&" puluh "&MID(TEXT(ABS(E65),"000000000000000"),9,1)&" juta ")&IF(--MID(TEXT(ABS(E65),"000000000000000"),10,3)=0,"",IF(--MID(TEXT(ABS(E65),"000000000000000"),10,3)=1,"*",MID(TEXT(ABS(E65),"000000000000000"),10,1)&" ratus "&MID(TEXT(ABS(E65),"000000000000000"),11,1)&" puluh ")&MID(TEXT(ABS(E65),"000000000000000"),12,1)&" ribu ")&IF(--MID(TEXT(ABS(E65),"000000000000000"),13,3)=0,"",MID(TEXT(ABS(E65),"000000000000000"),13,1)&" ratus "&MID(TEXT(ABS(E65),"000000000000000"),14,1)&" puluh "&MID(TEXT(ABS(E65),"000000000000000"),15,1)),1,"satu"),2,"dua"),3,"tiga"),4,"empat"),5,"lima"),6,"enam"),7,"tujuh"),8,"delapan"),9,"sembilan"),"0 ratus",""),"0 puluh",""),"satu puluh 0","sepuluh"),"satu puluh satu","sebelas"),"satu puluh dua","duabelas"),"satu puluh tiga","tigabelas"),"satu puluh empat","empatbelas"),"satu puluh lima","limabelas"),"satu puluh enam","enambelas"),"satu puluh tujuh","tujuhbelas"),"satu puluh delapan","delapanbelas"),"satu puluh sembilan","sembilanbelas"),"satu ratus","seratus"),"*satu ribu","seribu"),0,""))," "," "))&" Rupiah") -> Dua Juta Dua Ratus Ribu Rupiah
A69: Pembebanan Pada Kode Rekening
A70: NO | C70: Uraian | G70: Anggaran | H70: Akumulasi Pencairan dana Bulan Lalu | I70: Pencairan Saat ini | J70: Sisa Anggaran
A71: 1 | C71: Kelengkapan Pegawai | G71: --------------- | H71: --------------- | I71: --------------- | J71: ---------------
B72: 1.1 | C72: Atribut Petugas Penagihan (Rompi + Tas) | G72: 10000000 | H72: =H24+I24 -> 0 | I72: 0 | J72: =G72-H72-I72 -> 10000000
B73: 1.2 | C73: Baju Petugas Kebersihan | G73: 28600000 | H73: =H25+I25 -> 860000 | I73: 0 | J73: =G73-H73-I73 -> 27740000
B74: 1.3 | C74: Atribut Petugas Kebersihan (Sepatu Booth + Jas Hujan + Rompi Scotlight) | G74: 20000000 | H74: =H26+I26 -> 1785000 | I74: 0 | J74: =G74-H74-I74 -> 18215000
B75: 1.4 | C75: Cetak ID Card + Pin Perumda | G75: 3000000 | H75: =H27+I27 -> 30000 | I75: 2200000 | J75: =G75-H75-I75 -> 770000
B76: 1.5 | C76: Atribut Petugas Parkir (Baju + Topi) | G76: 15000000 | H76: =H28+I28 -> 0 | I76: 0 | J76: =G76-H76-I76 -> 15000000
B77: 1.6 | C77: Atribut Petugas Keamanan (29) | G77: 28175000 | H77: =H29+I29 -> 0 | I77: 0 | J77: =G77-H77-I77 -> 28175000
C78: JUMLAH | G78: =SUM(G71:G77) -> 104775000 | H78: =SUM(H71:H75) -> 2675000 | I78: =SUM(I71:I75) -> 2200000 | J78: =SUM(J71:K77) -> 99900000
A80: Jumlah Yang Diminta | D80: : | E80: =I78 -> 2200000
A81: PPN | D81: :
A82: PPh Psl 21/22/23/4(2) | D82: :
A83: Jumlah Potongan | D83: : | E83: =E81+E82 -> 0
A85: Jumlah yang dibayarkan | D85: : | E85: =E80-E83 -> 2200000
E86: =PROPER(IF(E85=0,"nol",IF(E85<0,"minus ","")&SUBSTITUTE(TRIM(SUBSTITUTE(SUBSTITUTE(SUBSTITUTE(SUBSTITUTE(SUBSTITUTE(SUBSTITUTE(SUBSTITUTE(SUBSTITUTE(SUBSTITUTE(SUBSTITUTE(SUBSTITUTE(SUBSTITUTE(SUBSTITUTE(SUBSTITUTE(SUBSTITUTE(SUBSTITUTE(SUBSTITUTE(SUBSTITUTE(SUBSTITUTE(SUBSTITUTE(SUBSTITUTE(SUBSTITUTE(SUBSTITUTE(SUBSTITUTE(IF(--MID(TEXT(ABS(E85),"000000000000000"),1,3)=0,"",MID(TEXT(ABS(E85),"000000000000000"),1,1)&" ratus "&MID(TEXT(ABS(E85),"000000000000000"),2,1)&" puluh "&MID(TEXT(ABS(E85),"000000000000000"),3,1)&" trilyun ")&IF(--MID(TEXT(ABS(E85),"000000000000000"),4,3)=0,"",MID(TEXT(ABS(E85),"000000000000000"),4,1)&" ratus "&MID(TEXT(ABS(E85),"000000000000000"),5,1)&" puluh "&MID(TEXT(ABS(E85),"000000000000000"),6,1)&" milyar ")&IF(--MID(TEXT(ABS(E85),"000000000000000"),7,3)=0,"",MID(TEXT(ABS(E85),"000000000000000"),7,1)&" ratus "&MID(TEXT(ABS(E85),"000000000000000"),8,1)&" puluh "&MID(TEXT(ABS(E85),"000000000000000"),9,1)&" juta ")&IF(--MID(TEXT(ABS(E85),"000000000000000"),10,3)=0,"",IF(--MID(TEXT(ABS(E85),"000000000000000"),10,3)=1,"*",MID(TEXT(ABS(E85),"000000000000000"),10,1)&" ratus "&MID(TEXT(ABS(E85),"000000000000000"),11,1)&" puluh ")&MID(TEXT(ABS(E85),"000000000000000"),12,1)&" ribu ")&IF(--MID(TEXT(ABS(E85),"000000000000000"),13,3)=0,"",MID(TEXT(ABS(E85),"000000000000000"),13,1)&" ratus "&MID(TEXT(ABS(E85),"000000000000000"),14,1)&" puluh "&MID(TEXT(ABS(E85),"000000000000000"),15,1)),1,"satu"),2,"dua"),3,"tiga"),4,"empat"),5,"lima"),6,"enam"),7,"tujuh"),8,"delapan"),9,"sembilan"),"0 ratus",""),"0 puluh",""),"satu puluh 0","sepuluh"),"satu puluh satu","sebelas"),"satu puluh dua","duabelas"),"satu puluh tiga","tigabelas"),"satu puluh empat","empatbelas"),"satu puluh lima","limabelas"),"satu puluh enam","enambelas"),"satu puluh tujuh","tujuhbelas"),"satu puluh delapan","delapanbelas"),"satu puluh sembilan","sembilanbelas"),"satu ratus","seratus"),"*satu ribu","seribu"),0,""))," "," "))&" Rupiah") -> Dua Juta Dua Ratus Ribu Rupiah
I89: Banjarmasin, 20 Februari 2026
A90: MENGETAHUI | I90: YANG MEMBUAT
A95: IRNA WAHYUNI N. | I95: M. ZULKIFLI
A104: NOTA PENCAIRAN DANA (NPD)
A105: Nomor : 32/DIV-KEU/PPB/I/2026
A106: BENDAHARA PENGELUARAN
A107: PERUMDA PASAR BANJARMASIN
A108: Supaya Mencairkan Dana
A110: 1. Sub Kegiatan | D110: : | E110: Beban Operasional dan Bisnis
A111: 2. Nomor | D111: : | E111: 2.1.3
A112: 3. Tahun Anggaran | D112: : | E112: 2026
A113: 4. Jumlah Yang Diminta | D113: : | E113: =I126 -> 30000
D114: : | E114: =PROPER(IF(E113=0,"nol",IF(E113<0,"minus ","")&SUBSTITUTE(TRIM(SUBSTITUTE(SUBSTITUTE(SUBSTITUTE(SUBSTITUTE(SUBSTITUTE(SUBSTITUTE(SUBSTITUTE(SUBSTITUTE(SUBSTITUTE(SUBSTITUTE(SUBSTITUTE(SUBSTITUTE(SUBSTITUTE(SUBSTITUTE(SUBSTITUTE(SUBSTITUTE(SUBSTITUTE(SUBSTITUTE(SUBSTITUTE(SUBSTITUTE(SUBSTITUTE(SUBSTITUTE(SUBSTITUTE(SUBSTITUTE(IF(--MID(TEXT(ABS(E113),"000000000000000"),1,3)=0,"",MID(TEXT(ABS(E113),"000000000000000"),1,1)&" ratus "&MID(TEXT(ABS(E113),"000000000000000"),2,1)&" puluh "&MID(TEXT(ABS(E113),"000000000000000"),3,1)&" trilyun ")&IF(--MID(TEXT(ABS(E113),"000000000000000"),4,3)=0,"",MID(TEXT(ABS(E113),"000000000000000"),4,1)&" ratus "&MID(TEXT(ABS(E113),"000000000000000"),5,1)&" puluh "&MID(TEXT(ABS(E113),"000000000000000"),6,1)&" milyar ")&IF(--MID(TEXT(ABS(E113),"000000000000000"),7,3)=0,"",MID(TEXT(ABS(E113),"000000000000000"),7,1)&" ratus "&MID(TEXT(ABS(E113),"000000000000000"),8,1)&" puluh "&MID(TEXT(ABS(E113),"000000000000000"),9,1)&" juta ")&IF(--MID(TEXT(ABS(E113),"000000000000000"),10,3)=0,"",IF(--MID(TEXT(ABS(E113),"000000000000000"),10,3)=1,"*",MID(TEXT(ABS(E113),"000000000000000"),10,1)&" ratus "&MID(TEXT(ABS(E113),"000000000000000"),11,1)&" puluh ")&MID(TEXT(ABS(E113),"000000000000000"),12,1)&" ribu ")&IF(--MID(TEXT(ABS(E113),"000000000000000"),13,3)=0,"",MID(TEXT(ABS(E113),"000000000000000"),13,1)&" ratus "&MID(TEXT(ABS(E113),"000000000000000"),14,1)&" puluh "&MID(TEXT(ABS(E113),"000000000000000"),15,1)),1,"satu"),2,"dua"),3,"tiga"),4,"empat"),5,"lima"),6,"enam"),7,"tujuh"),8,"delapan"),9,"sembilan"),"0 ratus",""),"0 puluh",""),"satu puluh 0","sepuluh"),"satu puluh satu","sebelas"),"satu puluh dua","duabelas"),"satu puluh tiga","tigabelas"),"satu puluh empat","empatbelas"),"satu puluh lima","limabelas"),"satu puluh enam","enambelas"),"satu puluh tujuh","tujuhbelas"),"satu puluh delapan","delapanbelas"),"satu puluh sembilan","sembilanbelas"),"satu ratus","seratus"),"*satu ribu","seribu"),0,""))," "," "))&" Rupiah") -> Tiga Puluh Ribu Rupiah
A117: Pembebanan Pada Kode Rekening
A118: NO | C118: Uraian | G118: Anggaran | H118: Akumulasi Pencairan dana Bulan Lalu | I118: Pencairan Saat ini | J118: Sisa Anggaran
A119: 1 | C119: Kelengkapan Pegawai | G119: --------------- | H119: --------------- | I119: --------------- | J119: ---------------
B120: 1.1 | C120: Atribut Petugas Penagihan (Rompi + Tas) | G120: 10000000 | H120: =H72+I72 -> 0 | I120: 0 | J120: =G120-H120-I120 -> 10000000
B121: 1.2 | C121: Baju Petugas Kebersihan | G121: 28600000 | H121: =H73+I73 -> 860000 | I121: 0 | J121: =G121-H121-I121 -> 27740000
B122: 1.3 | C122: Atribut Petugas Kebersihan (Sepatu Booth + Jas Hujan + Rompi Scotlight) | G122: 20000000 | H122: =H74+I74 -> 1785000 | I122: 0 | J122: =G122-H122-I122 -> 18215000
B123: 1.4 | C123: Cetak ID Card + Pin Perumda | G123: 3000000 | H123: =H75+I75 -> 2230000 | I123: 30000 | J123: =G123-H123-I123 -> 740000
B124: 1.5 | C124: Atribut Petugas Parkir (Baju + Topi) | G124: 15000000 | H124: =H76+I76 -> 0 | I124: 0 | J124: =G124-H124-I124 -> 15000000
B125: 1.6 | C125: Atribut Petugas Keamanan (29) | G125: 28175000 | H125: =H77+I77 -> 0 | I125: 0 | J125: =G125-H125-I125 -> 28175000
C126: JUMLAH | G126: =SUM(G119:G125) -> 104775000 | H126: =SUM(H119:H123) -> 4875000 | I126: =SUM(I119:I123) -> 30000 | J126: =SUM(J119:K125) -> 99870000
A128: Jumlah Yang Diminta | D128: : | E128: =I126 -> 30000
A129: PPN | D129: :
A130: PPh Psl 21/22/23/4(2) | D130: :
A131: Jumlah Potongan | D131: : | E131: =E129+E130 -> 0
A133: Jumlah yang dibayarkan | D133: : | E133: =E128-E131 -> 30000
E134: =PROPER(IF(E133=0,"nol",IF(E133<0,"minus ","")&SUBSTITUTE(TRIM(SUBSTITUTE(SUBSTITUTE(SUBSTITUTE(SUBSTITUTE(SUBSTITUTE(SUBSTITUTE(SUBSTITUTE(SUBSTITUTE(SUBSTITUTE(SUBSTITUTE(SUBSTITUTE(SUBSTITUTE(SUBSTITUTE(SUBSTITUTE(SUBSTITUTE(SUBSTITUTE(SUBSTITUTE(SUBSTITUTE(SUBSTITUTE(SUBSTITUTE(SUBSTITUTE(SUBSTITUTE(SUBSTITUTE(SUBSTITUTE(IF(--MID(TEXT(ABS(E133),"000000000000000"),1,3)=0,"",MID(TEXT(ABS(E133),"000000000000000"),1,1)&" ratus "&MID(TEXT(ABS(E133),"000000000000000"),2,1)&" puluh "&MID(TEXT(ABS(E133),"000000000000000"),3,1)&" trilyun ")&IF(--MID(TEXT(ABS(E133),"000000000000000"),4,3)=0,"",MID(TEXT(ABS(E133),"000000000000000"),4,1)&" ratus "&MID(TEXT(ABS(E133),"000000000000000"),5,1)&" puluh "&MID(TEXT(ABS(E133),"000000000000000"),6,1)&" milyar ")&IF(--MID(TEXT(ABS(E133),"000000000000000"),7,3)=0,"",MID(TEXT(ABS(E133),"000000000000000"),7,1)&" ratus "&MID(TEXT(ABS(E133),"000000000000000"),8,1)&" puluh "&MID(TEXT(ABS(E133),"000000000000000"),9,1)&" juta ")&IF(--MID(TEXT(ABS(E133),"000000000000000"),10,3)=0,"",IF(--MID(TEXT(ABS(E133),"000000000000000"),10,3)=1,"*",MID(TEXT(ABS(E133),"000000000000000"),10,1)&" ratus "&MID(TEXT(ABS(E133),"000000000000000"),11,1)&" puluh ")&MID(TEXT(ABS(E133),"000000000000000"),12,1)&" ribu ")&IF(--MID(TEXT(ABS(E133),"000000000000000"),13,3)=0,"",MID(TEXT(ABS(E133),"000000000000000"),13,1)&" ratus "&MID(TEXT(ABS(E133),"000000000000000"),14,1)&" puluh "&MID(TEXT(ABS(E133),"000000000000000"),15,1)),1,"satu"),2,"dua"),3,"tiga"),4,"empat"),5,"lima"),6,"enam"),7,"tujuh"),8,"delapan"),9,"sembilan"),"0 ratus",""),"0 puluh",""),"satu puluh 0","sepuluh"),"satu puluh satu","sebelas"),"satu puluh dua","duabelas"),"satu puluh tiga","tigabelas"),"satu puluh empat","empatbelas"),"satu puluh lima","limabelas"),"satu puluh enam","enambelas"),"satu puluh tujuh","tujuhbelas"),"satu puluh delapan","delapanbelas"),"satu puluh sembilan","sembilanbelas"),"satu ratus","seratus"),"*satu ribu","seribu"),0,""))," "," "))&" Rupiah") -> Tiga Puluh Ribu Rupiah
I137: Banjarmasin, 13 Januari 2026
A138: MENGETAHUI | I138: YANG MEMBUAT
A143: IRNA WAHYUNI N. | I143: M. ZULKIFLI
