Workbook

Sheet JANUARI
A8: NOTA PENCAIRAN DANA (NPD)
A9: Nomor : 91/DIV-KEU/PPB/I/2026
A10: BENDAHARA PENGELUARAN
A11: PERUMDA PASAR BANJARMASIN
A12: Supaya Mencairkan Dana
A14: 1. Sub Kegiatan | E14: : | F14: Beban Operasional dan Bisnis
A15: 2. Nomor | E15: : | F15: 2.1.3
A16: 3. Tahun Anggaran | E16: : | F16: 2026
A17: 4. Jumlah Yang Diminta | E17: : | F17: =J30 -> 460000
E18: : | F18: =PROPER(IF(F17=0,"nol",IF(F17<0,"minus ","")&SUBSTITUTE(TRIM(SUBSTITUTE(SUBSTITUTE(SUBSTITUTE(SUBSTITUTE(SUBSTITUTE(SUBSTITUTE(SUBSTITUTE(SUBSTITUTE(SUBSTITUTE(SUBSTITUTE(SUBSTITUTE(SUBSTITUTE(SUBSTITUTE(SUBSTITUTE(SUBSTITUTE(SUBSTITUTE(SUBSTITUTE(SUBSTITUTE(SUBSTITUTE(SUBSTITUTE(SUBSTITUTE(SUBSTITUTE(SUBSTITUTE(SUBSTITUTE(IF(--MID(TEXT(ABS(F17),"000000000000000"),1,3)=0,"",MID(TEXT(ABS(F17),"000000000000000"),1,1)&" ratus "&MID(TEXT(ABS(F17),"000000000000000"),2,1)&" puluh "&MID(TEXT(ABS(F17),"000000000000000"),3,1)&" trilyun ")&IF(--MID(TEXT(ABS(F17),"000000000000000"),4,3)=0,"",MID(TEXT(ABS(F17),"000000000000000"),4,1)&" ratus "&MID(TEXT(ABS(F17),"000000000000000"),5,1)&" puluh "&MID(TEXT(ABS(F17),"000000000000000"),6,1)&" milyar ")&IF(--MID(TEXT(ABS(F17),"000000000000000"),7,3)=0,"",MID(TEXT(ABS(F17),"000000000000000"),7,1)&" ratus "&MID(TEXT(ABS(F17),"000000000000000"),8,1)&" puluh "&MID(TEXT(ABS(F17),"000000000000000"),9,1)&" juta ")&IF(--MID(TEXT(ABS(F17),"000000000000000"),10,3)=0,"",IF(--MID(TEXT(ABS(F17),"000000000000000"),10,3)=1,"*",MID(TEXT(ABS(F17),"000000000000000"),10,1)&" ratus "&MID(TEXT(ABS(F17),"000000000000000"),11,1)&" puluh ")&MID(TEXT(ABS(F17),"000000000000000"),12,1)&" ribu ")&IF(--MID(TEXT(ABS(F17),"000000000000000"),13,3)=0,"",MID(TEXT(ABS(F17),"000000000000000"),13,1)&" ratus "&MID(TEXT(ABS(F17),"000000000000000"),14,1)&" puluh "&MID(TEXT(ABS(F17),"000000000000000"),15,1)),1,"satu"),2,"dua"),3,"tiga"),4,"empat"),5,"lima"),6,"enam"),7,"tujuh"),8,"delapan"),9,"sembilan"),"0 ratus",""),"0 puluh",""),"satu puluh 0","sepuluh"),"satu puluh satu","sebelas"),"satu puluh dua","duabelas"),"satu puluh tiga","tigabelas"),"satu puluh empat","empatbelas"),"satu puluh lima","limabelas"),"satu puluh enam","enambelas"),"satu puluh tujuh","tujuhbelas"),"satu puluh delapan","delapanbelas"),"satu puluh sembilan","sembilanbelas"),"satu ratus","seratus"),"*satu ribu","seribu"),0,""))," "," "))&" Rupiah") -> Empat Ratus Enam Puluh Ribu Rupiah
A21: Pembebanan Pada Kode Rekening
A22: NO | B22: Kode | D22: Uraian | H22: Anggaran | I22: Akumulasi Pencairan dana Bulan Lalu | J22: Pencairan Saat ini | K22: Sisa Anggaran
A23: 1 | D23: Beban Pemeliharaan | H23: --------------- | I23: --------------- | J23: --------------- | K23: ---------------
B24: 1.1 | D24: Pemeliharaan Kendaraan Operasional | H24: --------------- | I24: --------------- | J24: --------------- | K24: ---------------
C25: 1.1.1 | D25: Pajak Mobil Operasional | H25: 25000000 | I25: 0 | J25: 0 | K25: =H25-I25-J25 -> 25000000
C26: 1.1.2 | D26: Parkir Mobil Operasional | H26: 3000000 | I26: 0 | J26: 0 | K26: =H26-I26-J26 -> 3000000
C27: 1.1.3 | D27: Pemeliharaan Mobil Truck (4) | H27: 58710000 | I27: 0 | J27: 460000 | K27: =H27-I27-J27 -> 58250000
C28: 1.1.4 | D28: Pemeliharaan Mobil Pick Up (1) | H28: 20000000 | I28: 0 | J28: 0 | K28: =H28-I28-J28 -> 20000000
C29: 1.1.5 | D29: Pemeliharaan Mobil Keliling (2) | H29: 10000000 | I29: 0 | J29: 0 | K29: =H29-I29-J29 -> 10000000
D30: JUMLAH | H30: =SUM(H23:H29) -> 116710000 | I30: =SUM(I24:I29) -> 0 | J30: =SUM(J24:J29) -> 460000 | K30: =SUM(K24:K29) -> 116250000
A32: Jumlah Yang Diminta | E32: : | F32: =J30 -> 460000
A33: PPN | E33: :
A34: PPh Psl 21/22/23/4(2) | E34: :
A35: Jumlah Potongan | E35: : | F35: =F33+F34 -> 0
A37: Jumlah yang dibayarkan | E37: : | F37: =F32-F35 -> 460000
F38: =PROPER(IF(F37=0,"nol",IF(F37<0,"minus ","")&SUBSTITUTE(TRIM(SUBSTITUTE(SUBSTITUTE(SUBSTITUTE(SUBSTITUTE(SUBSTITUTE(SUBSTITUTE(SUBSTITUTE(SUBSTITUTE(SUBSTITUTE(SUBSTITUTE(SUBSTITUTE(SUBSTITUTE(SUBSTITUTE(SUBSTITUTE(SUBSTITUTE(SUBSTITUTE(SUBSTITUTE(SUBSTITUTE(SUBSTITUTE(SUBSTITUTE(SUBSTITUTE(SUBSTITUTE(SUBSTITUTE(SUBSTITUTE(IF(--MID(TEXT(ABS(F37),"000000000000000"),1,3)=0,"",MID(TEXT(ABS(F37),"000000000000000"),1,1)&" ratus "&MID(TEXT(ABS(F37),"000000000000000"),2,1)&" puluh "&MID(TEXT(ABS(F37),"000000000000000"),3,1)&" trilyun ")&IF(--MID(TEXT(ABS(F37),"000000000000000"),4,3)=0,"",MID(TEXT(ABS(F37),"000000000000000"),4,1)&" ratus "&MID(TEXT(ABS(F37),"000000000000000"),5,1)&" puluh "&MID(TEXT(ABS(F37),"000000000000000"),6,1)&" milyar ")&IF(--MID(TEXT(ABS(F37),"000000000000000"),7,3)=0,"",MID(TEXT(ABS(F37),"000000000000000"),7,1)&" ratus "&MID(TEXT(ABS(F37),"000000000000000"),8,1)&" puluh "&MID(TEXT(ABS(F37),"000000000000000"),9,1)&" juta ")&IF(--MID(TEXT(ABS(F37),"000000000000000"),10,3)=0,"",IF(--MID(TEXT(ABS(F37),"000000000000000"),10,3)=1,"*",MID(TEXT(ABS(F37),"000000000000000"),10,1)&" ratus "&MID(TEXT(ABS(F37),"000000000000000"),11,1)&" puluh ")&MID(TEXT(ABS(F37),"000000000000000"),12,1)&" ribu ")&IF(--MID(TEXT(ABS(F37),"000000000000000"),13,3)=0,"",MID(TEXT(ABS(F37),"000000000000000"),13,1)&" ratus "&MID(TEXT(ABS(F37),"000000000000000"),14,1)&" puluh "&MID(TEXT(ABS(F37),"000000000000000"),15,1)),1,"satu"),2,"dua"),3,"tiga"),4,"empat"),5,"lima"),6,"enam"),7,"tujuh"),8,"delapan"),9,"sembilan"),"0 ratus",""),"0 puluh",""),"satu puluh 0","sepuluh"),"satu puluh satu","sebelas"),"satu puluh dua","duabelas"),"satu puluh tiga","tigabelas"),"satu puluh empat","empatbelas"),"satu puluh lima","limabelas"),"satu puluh enam","enambelas"),"satu puluh tujuh","tujuhbelas"),"satu puluh delapan","delapanbelas"),"satu puluh sembilan","sembilanbelas"),"satu ratus","seratus"),"*satu ribu","seribu"),0,""))," "," "))&" Rupiah") -> Empat Ratus Enam Puluh Ribu Rupiah
J41: Banjarmasin, 31 Januari 2026
A42: MENGETAHUI | J42: YANG MEMBUAT
A47: IRNA WAHYUNI N. | J47: M. ZULKIFLI
A56: NOTA PENCAIRAN DANA (NPD)
A57: Nomor : 92/DIV-KEU/PPB/I/2026
A58: BENDAHARA PENGELUARAN
A59: PERUMDA PASAR BANJARMASIN
A60: Supaya Mencairkan Dana
A62: 1. Sub Kegiatan | E62: : | F62: Beban Operasional dan Bisnis
A63: 2. Nomor | E63: : | F63: 2.1.3
A64: 3. Tahun Anggaran | E64: : | F64: 2026
A65: 4. Jumlah Yang Diminta | E65: : | F65: =J78 -> 80000
E66: : | F66: =PROPER(IF(F65=0,"nol",IF(F65<0,"minus ","")&SUBSTITUTE(TRIM(SUBSTITUTE(SUBSTITUTE(SUBSTITUTE(SUBSTITUTE(SUBSTITUTE(SUBSTITUTE(SUBSTITUTE(SUBSTITUTE(SUBSTITUTE(SUBSTITUTE(SUBSTITUTE(SUBSTITUTE(SUBSTITUTE(SUBSTITUTE(SUBSTITUTE(SUBSTITUTE(SUBSTITUTE(SUBSTITUTE(SUBSTITUTE(SUBSTITUTE(SUBSTITUTE(SUBSTITUTE(SUBSTITUTE(SUBSTITUTE(IF(--MID(TEXT(ABS(F65),"000000000000000"),1,3)=0,"",MID(TEXT(ABS(F65),"000000000000000"),1,1)&" ratus "&MID(TEXT(ABS(F65),"000000000000000"),2,1)&" puluh "&MID(TEXT(ABS(F65),"000000000000000"),3,1)&" trilyun ")&IF(--MID(TEXT(ABS(F65),"000000000000000"),4,3)=0,"",MID(TEXT(ABS(F65),"000000000000000"),4,1)&" ratus "&MID(TEXT(ABS(F65),"000000000000000"),5,1)&" puluh "&MID(TEXT(ABS(F65),"000000000000000"),6,1)&" milyar ")&IF(--MID(TEXT(ABS(F65),"000000000000000"),7,3)=0,"",MID(TEXT(ABS(F65),"000000000000000"),7,1)&" ratus "&MID(TEXT(ABS(F65),"000000000000000"),8,1)&" puluh "&MID(TEXT(ABS(F65),"000000000000000"),9,1)&" juta ")&IF(--MID(TEXT(ABS(F65),"000000000000000"),10,3)=0,"",IF(--MID(TEXT(ABS(F65),"000000000000000"),10,3)=1,"*",MID(TEXT(ABS(F65),"000000000000000"),10,1)&" ratus "&MID(TEXT(ABS(F65),"000000000000000"),11,1)&" puluh ")&MID(TEXT(ABS(F65),"000000000000000"),12,1)&" ribu ")&IF(--MID(TEXT(ABS(F65),"000000000000000"),13,3)=0,"",MID(TEXT(ABS(F65),"000000000000000"),13,1)&" ratus "&MID(TEXT(ABS(F65),"000000000000000"),14,1)&" puluh "&MID(TEXT(ABS(F65),"000000000000000"),15,1)),1,"satu"),2,"dua"),3,"tiga"),4,"empat"),5,"lima"),6,"enam"),7,"tujuh"),8,"delapan"),9,"sembilan"),"0 ratus",""),"0 puluh",""),"satu puluh 0","sepuluh"),"satu puluh satu","sebelas"),"satu puluh dua","duabelas"),"satu puluh tiga","tigabelas"),"satu puluh empat","empatbelas"),"satu puluh lima","limabelas"),"satu puluh enam","enambelas"),"satu puluh tujuh","tujuhbelas"),"satu puluh delapan","delapanbelas"),"satu puluh sembilan","sembilanbelas"),"satu ratus","seratus"),"*satu ribu","seribu"),0,""))," "," "))&" Rupiah") -> Delapan Puluh Ribu Rupiah
A69: Pembebanan Pada Kode Rekening
A70: NO | B70: Kode | D70: Uraian | H70: Anggaran | I70: Akumulasi Pencairan dana Bulan Lalu | J70: Pencairan Saat ini | K70: Sisa Anggaran
A71: 1 | D71: Beban Pemeliharaan | H71: --------------- | I71: --------------- | J71: --------------- | K71: ---------------
B72: 1.1 | D72: Pemeliharaan Kendaraan Operasional | H72: --------------- | I72: --------------- | J72: --------------- | K72: ---------------
C73: 1.1.1 | D73: Pajak Mobil Operasional | H73: 25000000 | I73: =I25+J25 -> 0 | J73: 0 | K73: =H73-I73-J73 -> 25000000
C74: 1.1.2 | D74: Parkir Mobil Operasional | H74: 3000000 | I74: =I26+J26 -> 0 | J74: 0 | K74: =H74-I74-J74 -> 3000000
C75: 1.1.3 | D75: Pemeliharaan Mobil Truck (4) | H75: 58710000 | I75: =I27+J27 -> 460000 | J75: 0 | K75: =H75-I75-J75 -> 58250000
C76: 1.1.4 | D76: Pemeliharaan Mobil Pick Up (1) | H76: 20000000 | I76: =I28+J28 -> 0 | J76: 0 | K76: =H76-I76-J76 -> 20000000
C77: 1.1.5 | D77: Pemeliharaan Mobil Keliling (2) | H77: 10000000 | I77: =I29+J29 -> 0 | J77: 80000 | K77: =H77-I77-J77 -> 9920000
D78: JUMLAH | H78: =SUM(H71:H77) -> 116710000 | I78: =SUM(I72:I77) -> 460000 | J78: =SUM(J72:J77) -> 80000 | K78: =SUM(K72:K77) -> 116170000
A80: Jumlah Yang Diminta | E80: : | F80: =J78 -> 80000
A81: PPN | E81: :
A82: PPh Psl 21/22/23/4(2) | E82: :
A83: Jumlah Potongan | E83: : | F83: =F81+F82 -> 0
A85: Jumlah yang dibayarkan | E85: : | F85: =F80-F83 -> 80000
F86: =PROPER(IF(F85=0,"nol",IF(F85<0,"minus ","")&SUBSTITUTE(TRIM(SUBSTITUTE(SUBSTITUTE(SUBSTITUTE(SUBSTITUTE(SUBSTITUTE(SUBSTITUTE(SUBSTITUTE(SUBSTITUTE(SUBSTITUTE(SUBSTITUTE(SUBSTITUTE(SUBSTITUTE(SUBSTITUTE(SUBSTITUTE(SUBSTITUTE(SUBSTITUTE(SUBSTITUTE(SUBSTITUTE(SUBSTITUTE(SUBSTITUTE(SUBSTITUTE(SUBSTITUTE(SUBSTITUTE(SUBSTITUTE(IF(--MID(TEXT(ABS(F85),"000000000000000"),1,3)=0,"",MID(TEXT(ABS(F85),"000000000000000"),1,1)&" ratus "&MID(TEXT(ABS(F85),"000000000000000"),2,1)&" puluh "&MID(TEXT(ABS(F85),"000000000000000"),3,1)&" trilyun ")&IF(--MID(TEXT(ABS(F85),"000000000000000"),4,3)=0,"",MID(TEXT(ABS(F85),"000000000000000"),4,1)&" ratus "&MID(TEXT(ABS(F85),"000000000000000"),5,1)&" puluh "&MID(TEXT(ABS(F85),"000000000000000"),6,1)&" milyar ")&IF(--MID(TEXT(ABS(F85),"000000000000000"),7,3)=0,"",MID(TEXT(ABS(F85),"000000000000000"),7,1)&" ratus "&MID(TEXT(ABS(F85),"000000000000000"),8,1)&" puluh "&MID(TEXT(ABS(F85),"000000000000000"),9,1)&" juta ")&IF(--MID(TEXT(ABS(F85),"000000000000000"),10,3)=0,"",IF(--MID(TEXT(ABS(F85),"000000000000000"),10,3)=1,"*",MID(TEXT(ABS(F85),"000000000000000"),10,1)&" ratus "&MID(TEXT(ABS(F85),"000000000000000"),11,1)&" puluh ")&MID(TEXT(ABS(F85),"000000000000000"),12,1)&" ribu ")&IF(--MID(TEXT(ABS(F85),"000000000000000"),13,3)=0,"",MID(TEXT(ABS(F85),"000000000000000"),13,1)&" ratus "&MID(TEXT(ABS(F85),"000000000000000"),14,1)&" puluh "&MID(TEXT(ABS(F85),"000000000000000"),15,1)),1,"satu"),2,"dua"),3,"tiga"),4,"empat"),5,"lima"),6,"enam"),7,"tujuh"),8,"delapan"),9,"sembilan"),"0 ratus",""),"0 puluh",""),"satu puluh 0","sepuluh"),"satu puluh satu","sebelas"),"satu puluh dua","duabelas"),"satu puluh tiga","tigabelas"),"satu puluh empat","empatbelas"),"satu puluh lima","limabelas"),"satu puluh enam","enambelas"),"satu puluh tujuh","tujuhbelas"),"satu puluh delapan","delapanbelas"),"satu puluh sembilan","sembilanbelas"),"satu ratus","seratus"),"*satu ribu","seribu"),0,""))," "," "))&" Rupiah") -> Delapan Puluh Ribu Rupiah
J89: Banjarmasin, 31 Januari 2026
A90: MENGETAHUI | J90: YANG MEMBUAT
A95: IRNA WAHYUNI N. | J95: M. ZULKIFLI
A104: NOTA PENCAIRAN DANA (NPD)
A105: Nomor : 93/DIV-KEU/PPB/I/2026
A106: BENDAHARA PENGELUARAN
A107: PERUMDA PASAR BANJARMASIN
A108: Supaya Mencairkan Dana
A110: 1. Sub Kegiatan | E110: : | F110: Beban Operasional dan Bisnis
A111: 2. Nomor | E111: : | F111: 2.1.3
A112: 3. Tahun Anggaran | E112: : | F112: 2026
A113: 4. Jumlah Yang Diminta | E113: : | F113: =J126 -> 220000
E114: : | F114: =PROPER(IF(F113=0,"nol",IF(F113<0,"minus ","")&SUBSTITUTE(TRIM(SUBSTITUTE(SUBSTITUTE(SUBSTITUTE(SUBSTITUTE(SUBSTITUTE(SUBSTITUTE(SUBSTITUTE(SUBSTITUTE(SUBSTITUTE(SUBSTITUTE(SUBSTITUTE(SUBSTITUTE(SUBSTITUTE(SUBSTITUTE(SUBSTITUTE(SUBSTITUTE(SUBSTITUTE(SUBSTITUTE(SUBSTITUTE(SUBSTITUTE(SUBSTITUTE(SUBSTITUTE(SUBSTITUTE(SUBSTITUTE(IF(--MID(TEXT(ABS(F113),"000000000000000"),1,3)=0,"",MID(TEXT(ABS(F113),"000000000000000"),1,1)&" ratus "&MID(TEXT(ABS(F113),"000000000000000"),2,1)&" puluh "&MID(TEXT(ABS(F113),"000000000000000"),3,1)&" trilyun ")&IF(--MID(TEXT(ABS(F113),"000000000000000"),4,3)=0,"",MID(TEXT(ABS(F113),"000000000000000"),4,1)&" ratus "&MID(TEXT(ABS(F113),"000000000000000"),5,1)&" puluh "&MID(TEXT(ABS(F113),"000000000000000"),6,1)&" milyar ")&IF(--MID(TEXT(ABS(F113),"000000000000000"),7,3)=0,"",MID(TEXT(ABS(F113),"000000000000000"),7,1)&" ratus "&MID(TEXT(ABS(F113),"000000000000000"),8,1)&" puluh "&MID(TEXT(ABS(F113),"000000000000000"),9,1)&" juta ")&IF(--MID(TEXT(ABS(F113),"000000000000000"),10,3)=0,"",IF(--MID(TEXT(ABS(F113),"000000000000000"),10,3)=1,"*",MID(TEXT(ABS(F113),"000000000000000"),10,1)&" ratus "&MID(TEXT(ABS(F113),"000000000000000"),11,1)&" puluh ")&MID(TEXT(ABS(F113),"000000000000000"),12,1)&" ribu ")&IF(--MID(TEXT(ABS(F113),"000000000000000"),13,3)=0,"",MID(TEXT(ABS(F113),"000000000000000"),13,1)&" ratus "&MID(TEXT(ABS(F113),"000000000000000"),14,1)&" puluh "&MID(TEXT(ABS(F113),"000000000000000"),15,1)),1,"satu"),2,"dua"),3,"tiga"),4,"empat"),5,"lima"),6,"enam"),7,"tujuh"),8,"delapan"),9,"sembilan"),"0 ratus",""),"0 puluh",""),"satu puluh 0","sepuluh"),"satu puluh satu","sebelas"),"satu puluh dua","duabelas"),"satu puluh tiga","tigabelas"),"satu puluh empat","empatbelas"),"satu puluh lima","limabelas"),"satu puluh enam","enambelas"),"satu puluh tujuh","tujuhbelas"),"satu puluh delapan","delapanbelas"),"satu puluh sembilan","sembilanbelas"),"satu ratus","seratus"),"*satu ribu","seribu"),0,""))," "," "))&" Rupiah") -> Dua Ratus Dua Puluh Ribu Rupiah
A117: Pembebanan Pada Kode Rekening
A118: NO | B118: Kode | D118: Uraian | H118: Anggaran | I118: Akumulasi Pencairan dana Bulan Lalu | J118: Pencairan Saat ini | K118: Sisa Anggaran
A119: 1 | D119: Beban Pemeliharaan | H119: --------------- | I119: --------------- | J119: --------------- | K119: ---------------
B120: 1.1 | D120: Pemeliharaan Kendaraan Operasional | H120: --------------- | I120: --------------- | J120: --------------- | K120: ---------------
C121: 1.1.1 | D121: Pajak Mobil Operasional | H121: 25000000 | I121: =I73+J73 -> 0 | J121: 0 | K121: =H121-I121-J121 -> 25000000
C122: 1.1.2 | D122: Parkir Mobil Operasional | H122: 3000000 | I122: =I74+J74 -> 0 | J122: 220000 | K122: =H122-I122-J122 -> 2780000
C123: 1.1.3 | D123: Pemeliharaan Mobil Truck (4) | H123: 58710000 | I123: =I75+J75 -> 460000 | J123: 0 | K123: =H123-I123-J123 -> 58250000
C124: 1.1.4 | D124: Pemeliharaan Mobil Pick Up (1) | H124: 20000000 | I124: =I76+J76 -> 0 | J124: 0 | K124: =H124-I124-J124 -> 20000000
C125: 1.1.5 | D125: Pemeliharaan Mobil Keliling (2) | H125: 10000000 | I125: =I77+J77 -> 80000 | J125: 0 | K125: =H125-I125-J125 -> 9920000
D126: JUMLAH | H126: =SUM(H119:H125) -> 116710000 | I126: =SUM(I120:I125) -> 540000 | J126: =SUM(J120:J125) -> 220000 | K126: =SUM(K120:K125) -> 115950000
A128: Jumlah Yang Diminta | E128: : | F128: =J126 -> 220000
A129: PPN | E129: :
A130: PPh Psl 21/22/23/4(2) | E130: :
A131: Jumlah Potongan | E131: : | F131: =F129+F130 -> 0
A133: Jumlah yang dibayarkan | E133: : | F133: =F128-F131 -> 220000
F134: =PROPER(IF(F133=0,"nol",IF(F133<0,"minus ","")&SUBSTITUTE(TRIM(SUBSTITUTE(SUBSTITUTE(SUBSTITUTE(SUBSTITUTE(SUBSTITUTE(SUBSTITUTE(SUBSTITUTE(SUBSTITUTE(SUBSTITUTE(SUBSTITUTE(SUBSTITUTE(SUBSTITUTE(SUBSTITUTE(SUBSTITUTE(SUBSTITUTE(SUBSTITUTE(SUBSTITUTE(SUBSTITUTE(SUBSTITUTE(SUBSTITUTE(SUBSTITUTE(SUBSTITUTE(SUBSTITUTE(SUBSTITUTE(IF(--MID(TEXT(ABS(F133),"000000000000000"),1,3)=0,"",MID(TEXT(ABS(F133),"000000000000000"),1,1)&" ratus "&MID(TEXT(ABS(F133),"000000000000000"),2,1)&" puluh "&MID(TEXT(ABS(F133),"000000000000000"),3,1)&" trilyun ")&IF(--MID(TEXT(ABS(F133),"000000000000000"),4,3)=0,"",MID(TEXT(ABS(F133),"000000000000000"),4,1)&" ratus "&MID(TEXT(ABS(F133),"000000000000000"),5,1)&" puluh "&MID(TEXT(ABS(F133),"000000000000000"),6,1)&" milyar ")&IF(--MID(TEXT(ABS(F133),"000000000000000"),7,3)=0,"",MID(TEXT(ABS(F133),"000000000000000"),7,1)&" ratus "&MID(TEXT(ABS(F133),"000000000000000"),8,1)&" puluh "&MID(TEXT(ABS(F133),"000000000000000"),9,1)&" juta ")&IF(--MID(TEXT(ABS(F133),"000000000000000"),10,3)=0,"",IF(--MID(TEXT(ABS(F133),"000000000000000"),10,3)=1,"*",MID(TEXT(ABS(F133),"000000000000000"),10,1)&" ratus "&MID(TEXT(ABS(F133),"000000000000000"),11,1)&" puluh ")&MID(TEXT(ABS(F133),"000000000000000"),12,1)&" ribu ")&IF(--MID(TEXT(ABS(F133),"000000000000000"),13,3)=0,"",MID(TEXT(ABS(F133),"000000000000000"),13,1)&" ratus "&MID(TEXT(ABS(F133),"000000000000000"),14,1)&" puluh "&MID(TEXT(ABS(F133),"000000000000000"),15,1)),1,"satu"),2,"dua"),3,"tiga"),4,"empat"),5,"lima"),6,"enam"),7,"tujuh"),8,"delapan"),9,"sembilan"),"0 ratus",""),"0 puluh",""),"satu puluh 0","sepuluh"),"satu puluh satu","sebelas"),"satu puluh dua","duabelas"),"satu puluh tiga","tigabelas"),"satu puluh empat","empatbelas"),"satu puluh lima","limabelas"),"satu puluh enam","enambelas"),"satu puluh tujuh","tujuhbelas"),"satu puluh delapan","delapanbelas"),"satu puluh sembilan","sembilanbelas"),"satu ratus","seratus"),"*satu ribu","seribu"),0,""))," "," "))&" Rupiah") -> Dua Ratus Dua Puluh Ribu Rupiah
J137: Banjarmasin, 31 Januari 2026
A138: MENGETAHUI | J138: YANG MEMBUAT
A143: IRNA WAHYUNI N. | J143: M. ZULKIFLI

Sheet FEBRUARI
A8: NOTA PENCAIRAN DANA (NPD)
A9: Nomor : 060/DIV-KEU/PPB/II/2026
A10: BENDAHARA PENGELUARAN
A11: PERUMDA PASAR BANJARMASIN
A12: Supaya Mencairkan Dana
A14: 1. Sub Kegiatan | E14: : | F14: Beban Operasional dan Bisnis
A15: 2. Nomor | E15: : | F15: 2.1.3
A16: 3. Tahun Anggaran | E16: : | F16: 2026
A17: 4. Jumlah Yang Diminta | E17: : | F17: =J30 -> 3016980
E18: : | F18: =PROPER(IF(F17=0,"nol",IF(F17<0,"minus ","")&SUBSTITUTE(TRIM(SUBSTITUTE(SUBSTITUTE(SUBSTITUTE(SUBSTITUTE(SUBSTITUTE(SUBSTITUTE(SUBSTITUTE(SUBSTITUTE(SUBSTITUTE(SUBSTITUTE(SUBSTITUTE(SUBSTITUTE(SUBSTITUTE(SUBSTITUTE(SUBSTITUTE(SUBSTITUTE(SUBSTITUTE(SUBSTITUTE(SUBSTITUTE(SUBSTITUTE(SUBSTITUTE(SUBSTITUTE(SUBSTITUTE(SUBSTITUTE(IF(--MID(TEXT(ABS(F17),"000000000000000"),1,3)=0,"",MID(TEXT(ABS(F17),"000000000000000"),1,1)&" ratus "&MID(TEXT(ABS(F17),"000000000000000"),2,1)&" puluh "&MID(TEXT(ABS(F17),"000000000000000"),3,1)&" trilyun ")&IF(--MID(TEXT(ABS(F17),"000000000000000"),4,3)=0,"",MID(TEXT(ABS(F17),"000000000000000"),4,1)&" ratus "&MID(TEXT(ABS(F17),"000000000000000"),5,1)&" puluh "&MID(TEXT(ABS(F17),"000000000000000"),6,1)&" milyar ")&IF(--MID(TEXT(ABS(F17),"000000000000000"),7,3)=0,"",MID(TEXT(ABS(F17),"000000000000000"),7,1)&" ratus "&MID(TEXT(ABS(F17),"000000000000000"),8,1)&" puluh "&MID(TEXT(ABS(F17),"000000000000000"),9,1)&" juta ")&IF(--MID(TEXT(ABS(F17),"000000000000000"),10,3)=0,"",IF(--MID(TEXT(ABS(F17),"000000000000000"),10,3)=1,"*",MID(TEXT(ABS(F17),"000000000000000"),10,1)&" ratus "&MID(TEXT(ABS(F17),"000000000000000"),11,1)&" puluh ")&MID(TEXT(ABS(F17),"000000000000000"),12,1)&" ribu ")&IF(--MID(TEXT(ABS(F17),"000000000000000"),13,3)=0,"",MID(TEXT(ABS(F17),"000000000000000"),13,1)&" ratus "&MID(TEXT(ABS(F17),"000000000000000"),14,1)&" puluh "&MID(TEXT(ABS(F17),"000000000000000"),15,1)),1,"satu"),2,"dua"),3,"tiga"),4,"empat"),5,"lima"),6,"enam"),7,"tujuh"),8,"delapan"),9,"sembilan"),"0 ratus",""),"0 puluh",""),"satu puluh 0","sepuluh"),"satu puluh satu","sebelas"),"satu puluh dua","duabelas"),"satu puluh tiga","tigabelas"),"satu puluh empat","empatbelas"),"satu puluh lima","limabelas"),"satu puluh enam","enambelas"),"satu puluh tujuh","tujuhbelas"),"satu puluh delapan","delapanbelas"),"satu puluh sembilan","sembilanbelas"),"satu ratus","seratus"),"*satu ribu","seribu"),0,""))," "," "))&" Rupiah") -> Tiga Juta Enambelas Ribu Sembilan Ratus Delapan Puluh Rupiah
A21: Pembebanan Pada Kode Rekening
A22: NO | B22: Kode | D22: Uraian | H22: Anggaran | I22: Akumulasi Pencairan dana Bulan Lalu | J22: Pencairan Saat ini | K22: Sisa Anggaran
A23: 1 | D23: Beban Pemeliharaan | H23: --------------- | I23: --------------- | J23: --------------- | K23: ---------------
B24: 1.1 | D24: Pemeliharaan Kendaraan Operasional | H24: --------------- | I24: --------------- | J24: --------------- | K24: ---------------
C25: 1.1.1 | D25: Pajak Mobil Operasional | H25: 25000000 | I25: =JANUARI!I121+JANUARI!J121 -> 0 | J25: 0 | K25: =H25-I25-J25 -> 25000000
C26: 1.1.2 | D26: Parkir Mobil Operasional | H26: 3000000 | I26: =JANUARI!I122+JANUARI!J122 -> 220000 | J26: 0 | K26: =H26-I26-J26 -> 2780000
C27: 1.1.3 | D27: Pemeliharaan Mobil Truck (4) | H27: 58710000 | I27: =JANUARI!I123+JANUARI!J123 -> 460000 | J27: 3016980 | K27: =H27-I27-J27 -> 55233020
C28: 1.1.4 | D28: Pemeliharaan Mobil Pick Up (1) | H28: 20000000 | I28: =JANUARI!I124+JANUARI!J124 -> 0 | J28: 0 | K28: =H28-I28-J28 -> 20000000
C29: 1.1.5 | D29: Pemeliharaan Mobil Keliling (2) | H29: 10000000 | I29: =JANUARI!I125+JANUARI!J125 -> 80000 | J29: 0 | K29: =H29-I29-J29 -> 9920000
D30: JUMLAH | H30: =SUM(H23:H29) -> 116710000 | I30: =SUM(I24:I29) -> 760000 | J30: =SUM(J24:J29) -> 3016980 | K30: =SUM(K24:K29) -> 112933020
A32: Jumlah Yang Diminta | E32: : | F32: =J30 -> 3016980
A33: PPN | E33: :
A34: PPh Psl 21/22/23/4(2) | E34: :
A35: Jumlah Potongan | E35: : | F35: =F33+F34 -> 0
A37: Jumlah yang dibayarkan | E37: : | F37: =F32-F35 -> 3016980
F38: =PROPER(IF(F37=0,"nol",IF(F37<0,"minus ","")&SUBSTITUTE(TRIM(SUBSTITUTE(SUBSTITUTE(SUBSTITUTE(SUBSTITUTE(SUBSTITUTE(SUBSTITUTE(SUBSTITUTE(SUBSTITUTE(SUBSTITUTE(SUBSTITUTE(SUBSTITUTE(SUBSTITUTE(SUBSTITUTE(SUBSTITUTE(SUBSTITUTE(SUBSTITUTE(SUBSTITUTE(SUBSTITUTE(SUBSTITUTE(SUBSTITUTE(SUBSTITUTE(SUBSTITUTE(SUBSTITUTE(SUBSTITUTE(IF(--MID(TEXT(ABS(F37),"000000000000000"),1,3)=0,"",MID(TEXT(ABS(F37),"000000000000000"),1,1)&" ratus "&MID(TEXT(ABS(F37),"000000000000000"),2,1)&" puluh "&MID(TEXT(ABS(F37),"000000000000000"),3,1)&" trilyun ")&IF(--MID(TEXT(ABS(F37),"000000000000000"),4,3)=0,"",MID(TEXT(ABS(F37),"000000000000000"),4,1)&" ratus "&MID(TEXT(ABS(F37),"000000000000000"),5,1)&" puluh "&MID(TEXT(ABS(F37),"000000000000000"),6,1)&" milyar ")&IF(--MID(TEXT(ABS(F37),"000000000000000"),7,3)=0,"",MID(TEXT(ABS(F37),"000000000000000"),7,1)&" ratus "&MID(TEXT(ABS(F37),"000000000000000"),8,1)&" puluh "&MID(TEXT(ABS(F37),"000000000000000"),9,1)&" juta ")&IF(--MID(TEXT(ABS(F37),"000000000000000"),10,3)=0,"",IF(--MID(TEXT(ABS(F37),"000000000000000"),10,3)=1,"*",MID(TEXT(ABS(F37),"000000000000000"),10,1)&" ratus "&MID(TEXT(ABS(F37),"000000000000000"),11,1)&" puluh ")&MID(TEXT(ABS(F37),"000000000000000"),12,1)&" ribu ")&IF(--MID(TEXT(ABS(F37),"000000000000000"),13,3)=0,"",MID(TEXT(ABS(F37),"000000000000000"),13,1)&" ratus "&MID(TEXT(ABS(F37),"000000000000000"),14,1)&" puluh "&MID(TEXT(ABS(F37),"000000000000000"),15,1)),1,"satu"),2,"dua"),3,"tiga"),4,"empat"),5,"lima"),6,"enam"),7,"tujuh"),8,"delapan"),9,"sembilan"),"0 ratus",""),"0 puluh",""),"satu puluh 0","sepuluh"),"satu puluh satu","sebelas"),"satu puluh dua","duabelas"),"satu puluh tiga","tigabelas"),"satu puluh empat","empatbelas"),"satu puluh lima","limabelas"),"satu puluh enam","enambelas"),"satu puluh tujuh","tujuhbelas"),"satu puluh delapan","delapanbelas"),"satu puluh sembilan","sembilanbelas"),"satu ratus","seratus"),"*satu ribu","seribu"),0,""))," "," "))&" Rupiah") -> Tiga Juta Enambelas Ribu Sembilan Ratus Delapan Puluh Rupiah
J41: Banjarmasin, 11 Februari 2026
A42: MENGETAHUI | J42: YANG MEMBUAT
A47: IRNA WAHYUNI N. | J47: M. ZULKIFLI
A56: NOTA PENCAIRAN DANA (NPD)
A57: Nomor : 092/DIV-KEU/PPB/II/2026
A58: BENDAHARA PENGELUARAN
A59: PERUMDA PASAR BANJARMASIN
A60: Supaya Mencairkan Dana
A62: 1. Sub Kegiatan | E62: : | F62: Beban Operasional dan Bisnis
A63: 2. Nomor | E63: : | F63: 2.1.3
A64: 3. Tahun Anggaran | E64: : | F64: 2026
A65: 4. Jumlah Yang Diminta | E65: : | F65: =J78 -> 25115000
E66: : | F66: =PROPER(IF(F65=0,"nol",IF(F65<0,"minus ","")&SUBSTITUTE(TRIM(SUBSTITUTE(SUBSTITUTE(SUBSTITUTE(SUBSTITUTE(SUBSTITUTE(SUBSTITUTE(SUBSTITUTE(SUBSTITUTE(SUBSTITUTE(SUBSTITUTE(SUBSTITUTE(SUBSTITUTE(SUBSTITUTE(SUBSTITUTE(SUBSTITUTE(SUBSTITUTE(SUBSTITUTE(SUBSTITUTE(SUBSTITUTE(SUBSTITUTE(SUBSTITUTE(SUBSTITUTE(SUBSTITUTE(SUBSTITUTE(IF(--MID(TEXT(ABS(F65),"000000000000000"),1,3)=0,"",MID(TEXT(ABS(F65),"000000000000000"),1,1)&" ratus "&MID(TEXT(ABS(F65),"000000000000000"),2,1)&" puluh "&MID(TEXT(ABS(F65),"000000000000000"),3,1)&" trilyun ")&IF(--MID(TEXT(ABS(F65),"000000000000000"),4,3)=0,"",MID(TEXT(ABS(F65),"000000000000000"),4,1)&" ratus "&MID(TEXT(ABS(F65),"000000000000000"),5,1)&" puluh "&MID(TEXT(ABS(F65),"000000000000000"),6,1)&" milyar ")&IF(--MID(TEXT(ABS(F65),"000000000000000"),7,3)=0,"",MID(TEXT(ABS(F65),"000000000000000"),7,1)&" ratus "&MID(TEXT(ABS(F65),"000000000000000"),8,1)&" puluh "&MID(TEXT(ABS(F65),"000000000000000"),9,1)&" juta ")&IF(--MID(TEXT(ABS(F65),"000000000000000"),10,3)=0,"",IF(--MID(TEXT(ABS(F65),"000000000000000"),10,3)=1,"*",MID(TEXT(ABS(F65),"000000000000000"),10,1)&" ratus "&MID(TEXT(ABS(F65),"000000000000000"),11,1)&" puluh ")&MID(TEXT(ABS(F65),"000000000000000"),12,1)&" ribu ")&IF(--MID(TEXT(ABS(F65),"000000000000000"),13,3)=0,"",MID(TEXT(ABS(F65),"000000000000000"),13,1)&" ratus "&MID(TEXT(ABS(F65),"000000000000000"),14,1)&" puluh "&MID(TEXT(ABS(F65),"000000000000000"),15,1)),1,"satu"),2,"dua"),3,"tiga"),4,"empat"),5,"lima"),6,"enam"),7,"tujuh"),8,"delapan"),9,"sembilan"),"0 ratus",""),"0 puluh",""),"satu puluh 0","sepuluh"),"satu puluh satu","sebelas"),"satu puluh dua","duabelas"),"satu puluh tiga","tigabelas"),"satu puluh empat","empatbelas"),"satu puluh lima","limabelas"),"satu puluh enam","enambelas"),"satu puluh tujuh","tujuhbelas"),"satu puluh delapan","delapanbelas"),"satu puluh sembilan","sembilanbelas"),"satu ratus","seratus"),"*satu ribu","seribu"),0,""))," "," "))&" Rupiah") -> Dua Puluh Lima Juta Seratus Limabelas Ribu Rupiah
A69: Pembebanan Pada Kode Rekening
A70: NO | B70: Kode | D70: Uraian | H70: Anggaran | I70: Akumulasi Pencairan dana Bulan Lalu | J70: Pencairan Saat ini | K70: Sisa Anggaran
A71: 1 | D71: Beban Pemeliharaan | H71: --------------- | I71: --------------- | J71: --------------- | K71: ---------------
B72: 1.1 | D72: Pemeliharaan Kendaraan Operasional | H72: --------------- | I72: --------------- | J72: --------------- | K72: ---------------
C73: 1.1.1 | D73: Pajak Mobil Operasional | H73: 25000000 | I73: =I25+J25 -> 0 | J73: 0 | K73: =H73-I73-J73 -> 25000000
C74: 1.1.2 | D74: Parkir Mobil Operasional | H74: 3000000 | I74: =I26+J26 -> 220000 | J74: 0 | K74: =H74-I74-J74 -> 2780000
C75: 1.1.3 | D75: Pemeliharaan Mobil Truck (4) | H75: 58710000 | I75: =I27+J27 -> 3476980 | J75: 19640000 | K75: =H75-I75-J75 -> 35593020
C76: 1.1.4 | D76: Pemeliharaan Mobil Pick Up (1) | H76: 20000000 | I76: =I28+J28 -> 0 | J76: 3150000 | K76: =H76-I76-J76 -> 16850000
C77: 1.1.5 | D77: Pemeliharaan Mobil Keliling (2) | H77: 10000000 | I77: =I29+J29 -> 80000 | J77: 2325000 | K77: =H77-I77-J77 -> 7595000
D78: JUMLAH | H78: =SUM(H71:H77) -> 116710000 | I78: =SUM(I72:I77) -> 3776980 | J78: =SUM(J72:J77) -> 25115000 | K78: =SUM(K72:K77) -> 87818020
A80: Jumlah Yang Diminta | E80: : | F80: =J78 -> 25115000
A81: PPN | E81: :
A82: PPh Psl 21/22/23/4(2) | E82: :
A83: Jumlah Potongan | E83: : | F83: =F81+F82 -> 0
A85: Jumlah yang dibayarkan | E85: : | F85: =F80-F83 -> 25115000
F86: =PROPER(IF(F85=0,"nol",IF(F85<0,"minus ","")&SUBSTITUTE(TRIM(SUBSTITUTE(SUBSTITUTE(SUBSTITUTE(SUBSTITUTE(SUBSTITUTE(SUBSTITUTE(SUBSTITUTE(SUBSTITUTE(SUBSTITUTE(SUBSTITUTE(SUBSTITUTE(SUBSTITUTE(SUBSTITUTE(SUBSTITUTE(SUBSTITUTE(SUBSTITUTE(SUBSTITUTE(SUBSTITUTE(SUBSTITUTE(SUBSTITUTE(SUBSTITUTE(SUBSTITUTE(SUBSTITUTE(SUBSTITUTE(IF(--MID(TEXT(ABS(F85),"000000000000000"),1,3)=0,"",MID(TEXT(ABS(F85),"000000000000000"),1,1)&" ratus "&MID(TEXT(ABS(F85),"000000000000000"),2,1)&" puluh "&MID(TEXT(ABS(F85),"000000000000000"),3,1)&" trilyun ")&IF(--MID(TEXT(ABS(F85),"000000000000000"),4,3)=0,"",MID(TEXT(ABS(F85),"000000000000000"),4,1)&" ratus "&MID(TEXT(ABS(F85),"000000000000000"),5,1)&" puluh "&MID(TEXT(ABS(F85),"000000000000000"),6,1)&" milyar ")&IF(--MID(TEXT(ABS(F85),"000000000000000"),7,3)=0,"",MID(TEXT(ABS(F85),"000000000000000"),7,1)&" ratus "&MID(TEXT(ABS(F85),"000000000000000"),8,1)&" puluh "&MID(TEXT(ABS(F85),"000000000000000"),9,1)&" juta ")&IF(--MID(TEXT(ABS(F85),"000000000000000"),10,3)=0,"",IF(--MID(TEXT(ABS(F85),"000000000000000"),10,3)=1,"*",MID(TEXT(ABS(F85),"000000000000000"),10,1)&" ratus "&MID(TEXT(ABS(F85),"000000000000000"),11,1)&" puluh ")&MID(TEXT(ABS(F85),"000000000000000"),12,1)&" ribu ")&IF(--MID(TEXT(ABS(F85),"000000000000000"),13,3)=0,"",MID(TEXT(ABS(F85),"000000000000000"),13,1)&" ratus "&MID(TEXT(ABS(F85),"000000000000000"),14,1)&" puluh "&MID(TEXT(ABS(F85),"000000000000000"),15,1)),1,"satu"),2,"dua"),3,"tiga"),4,"empat"),5,"lima"),6,"enam"),7,"tujuh"),8,"delapan"),9,"sembilan"),"0 ratus",""),"0 puluh",""),"satu puluh 0","sepuluh"),"satu puluh satu","sebelas"),"satu puluh dua","duabelas"),"satu puluh tiga","tigabelas"),"satu puluh empat","empatbelas"),"satu puluh lima","limabelas"),"satu puluh enam","enambelas"),"satu puluh tujuh","tujuhbelas"),"satu puluh delapan","delapanbelas"),"satu puluh sembilan","sembilanbelas"),"satu ratus","seratus"),"*satu ribu","seribu"),0,""))," "," "))&" Rupiah") -> Dua Puluh Lima Juta Seratus Limabelas Ribu Rupiah
J89: Banjarmasin, 27 Februari 2026
A90: MENGETAHUI | J90: YANG MEMBUAT
A95: IRNA WAHYUNI N. | J95: M. ZULKIFLI
A104: NOTA PENCAIRAN DANA (NPD)
A105: Nomor : 102/DIV-KEU/PPB/II/2026
A106: BENDAHARA PENGELUARAN
A107: PERUMDA PASAR BANJARMASIN
A108: Supaya Mencairkan Dana
A110: 1. Sub Kegiatan | E110: : | F110: Beban Operasional dan Bisnis
A111: 2. Nomor | E111: : | F111: 2.1.3
A112: 3. Tahun Anggaran | E112: : | F112: 2026
A113: 4. Jumlah Yang Diminta | E113: : | F113: =J126 -> 180000
E114: : | F114: =PROPER(IF(F113=0,"nol",IF(F113<0,"minus ","")&SUBSTITUTE(TRIM(SUBSTITUTE(SUBSTITUTE(SUBSTITUTE(SUBSTITUTE(SUBSTITUTE(SUBSTITUTE(SUBSTITUTE(SUBSTITUTE(SUBSTITUTE(SUBSTITUTE(SUBSTITUTE(SUBSTITUTE(SUBSTITUTE(SUBSTITUTE(SUBSTITUTE(SUBSTITUTE(SUBSTITUTE(SUBSTITUTE(SUBSTITUTE(SUBSTITUTE(SUBSTITUTE(SUBSTITUTE(SUBSTITUTE(SUBSTITUTE(IF(--MID(TEXT(ABS(F113),"000000000000000"),1,3)=0,"",MID(TEXT(ABS(F113),"000000000000000"),1,1)&" ratus "&MID(TEXT(ABS(F113),"000000000000000"),2,1)&" puluh "&MID(TEXT(ABS(F113),"000000000000000"),3,1)&" trilyun ")&IF(--MID(TEXT(ABS(F113),"000000000000000"),4,3)=0,"",MID(TEXT(ABS(F113),"000000000000000"),4,1)&" ratus "&MID(TEXT(ABS(F113),"000000000000000"),5,1)&" puluh "&MID(TEXT(ABS(F113),"000000000000000"),6,1)&" milyar ")&IF(--MID(TEXT(ABS(F113),"000000000000000"),7,3)=0,"",MID(TEXT(ABS(F113),"000000000000000"),7,1)&" ratus "&MID(TEXT(ABS(F113),"000000000000000"),8,1)&" puluh "&MID(TEXT(ABS(F113),"000000000000000"),9,1)&" juta ")&IF(--MID(TEXT(ABS(F113),"000000000000000"),10,3)=0,"",IF(--MID(TEXT(ABS(F113),"000000000000000"),10,3)=1,"*",MID(TEXT(ABS(F113),"000000000000000"),10,1)&" ratus "&MID(TEXT(ABS(F113),"000000000000000"),11,1)&" puluh ")&MID(TEXT(ABS(F113),"000000000000000"),12,1)&" ribu ")&IF(--MID(TEXT(ABS(F113),"000000000000000"),13,3)=0,"",MID(TEXT(ABS(F113),"000000000000000"),13,1)&" ratus "&MID(TEXT(ABS(F113),"000000000000000"),14,1)&" puluh "&MID(TEXT(ABS(F113),"000000000000000"),15,1)),1,"satu"),2,"dua"),3,"tiga"),4,"empat"),5,"lima"),6,"enam"),7,"tujuh"),8,"delapan"),9,"sembilan"),"0 ratus",""),"0 puluh",""),"satu puluh 0","sepuluh"),"satu puluh satu","sebelas"),"satu puluh dua","duabelas"),"satu puluh tiga","tigabelas"),"satu puluh empat","empatbelas"),"satu puluh lima","limabelas"),"satu puluh enam","enambelas"),"satu puluh tujuh","tujuhbelas"),"satu puluh delapan","delapanbelas"),"satu puluh sembilan","sembilanbelas"),"satu ratus","seratus"),"*satu ribu","seribu"),0,""))," "," "))&" Rupiah") -> Seratus Delapan Puluh Ribu Rupiah
A117: Pembebanan Pada Kode Rekening
A118: NO | B118: Kode | D118: Uraian | H118: Anggaran | I118: Akumulasi Pencairan dana Bulan Lalu | J118: Pencairan Saat ini | K118: Sisa Anggaran
A119: 1 | D119: Beban Pemeliharaan | H119: --------------- | I119: --------------- | J119: --------------- | K119: ---------------
B120: 1.1 | D120: Pemeliharaan Kendaraan Operasional | H120: --------------- | I120: --------------- | J120: --------------- | K120: ---------------
C121: 1.1.1 | D121: Pajak Mobil Operasional | H121: 25000000 | I121: =I73+J73 -> 0 | J121: 0 | K121: =H121-I121-J121 -> 25000000
C122: 1.1.2 | D122: Parkir Mobil Operasional | H122: 3000000 | I122: =I74+J74 -> 220000 | J122: 180000 | K122: =H122-I122-J122 -> 2600000
C123: 1.1.3 | D123: Pemeliharaan Mobil Truck (4) | H123: 58710000 | I123: =I75+J75 -> 23116980 | J123: 0 | K123: =H123-I123-J123 -> 35593020
C124: 1.1.4 | D124: Pemeliharaan Mobil Pick Up (1) | H124: 20000000 | I124: =I76+J76 -> 3150000 | J124: 0 | K124: =H124-I124-J124 -> 16850000
C125: 1.1.5 | D125: Pemeliharaan Mobil Keliling (2) | H125: 10000000 | I125: =I77+J77 -> 2405000 | J125: 0 | K125: =H125-I125-J125 -> 7595000
D126: JUMLAH | H126: =SUM(H119:H125) -> 116710000 | I126: =SUM(I120:I125) -> 28891980 | J126: =SUM(J120:J125) -> 180000 | K126: =SUM(K120:K125) -> 87638020
A128: Jumlah Yang Diminta | E128: : | F128: =J126 -> 180000
A129: PPN | E129: :
A130: PPh Psl 21/22/23/4(2) | E130: :
A131: Jumlah Potongan | E131: : | F131: =F129+F130 -> 0
A133: Jumlah yang dibayarkan | E133: : | F133: =F128-F131 -> 180000
F134: =PROPER(IF(F133=0,"nol",IF(F133<0,"minus ","")&SUBSTITUTE(TRIM(SUBSTITUTE(SUBSTITUTE(SUBSTITUTE(SUBSTITUTE(SUBSTITUTE(SUBSTITUTE(SUBSTITUTE(SUBSTITUTE(SUBSTITUTE(SUBSTITUTE(SUBSTITUTE(SUBSTITUTE(SUBSTITUTE(SUBSTITUTE(SUBSTITUTE(SUBSTITUTE(SUBSTITUTE(SUBSTITUTE(SUBSTITUTE(SUBSTITUTE(SUBSTITUTE(SUBSTITUTE(SUBSTITUTE(SUBSTITUTE(IF(--MID(TEXT(ABS(F133),"000000000000000"),1,3)=0,"",MID(TEXT(ABS(F133),"000000000000000"),1,1)&" ratus "&MID(TEXT(ABS(F133),"000000000000000"),2,1)&" puluh "&MID(TEXT(ABS(F133),"000000000000000"),3,1)&" trilyun ")&IF(--MID(TEXT(ABS(F133),"000000000000000"),4,3)=0,"",MID(TEXT(ABS(F133),"000000000000000"),4,1)&" ratus "&MID(TEXT(ABS(F133),"000000000000000"),5,1)&" puluh "&MID(TEXT(ABS(F133),"000000000000000"),6,1)&" milyar ")&IF(--MID(TEXT(ABS(F133),"000000000000000"),7,3)=0,"",MID(TEXT(ABS(F133),"000000000000000"),7,1)&" ratus "&MID(TEXT(ABS(F133),"000000000000000"),8,1)&" puluh "&MID(TEXT(ABS(F133),"000000000000000"),9,1)&" juta ")&IF(--MID(TEXT(ABS(F133),"000000000000000"),10,3)=0,"",IF(--MID(TEXT(ABS(F133),"000000000000000"),10,3)=1,"*",MID(TEXT(ABS(F133),"000000000000000"),10,1)&" ratus "&MID(TEXT(ABS(F133),"000000000000000"),11,1)&" puluh ")&MID(TEXT(ABS(F133),"000000000000000"),12,1)&" ribu ")&IF(--MID(TEXT(ABS(F133),"000000000000000"),13,3)=0,"",MID(TEXT(ABS(F133),"000000000000000"),13,1)&" ratus "&MID(TEXT(ABS(F133),"000000000000000"),14,1)&" puluh "&MID(TEXT(ABS(F133),"000000000000000"),15,1)),1,"satu"),2,"dua"),3,"tiga"),4,"empat"),5,"lima"),6,"enam"),7,"tujuh"),8,"delapan"),9,"sembilan"),"0 ratus",""),"0 puluh",""),"satu puluh 0","sepuluh"),"satu puluh satu","sebelas"),"satu puluh dua","duabelas"),"satu puluh tiga","tigabelas"),"satu puluh empat","empatbelas"),"satu puluh lima","limabelas"),"satu puluh enam","enambelas"),"satu puluh tujuh","tujuhbelas"),"satu puluh delapan","delapanbelas"),"satu puluh sembilan","sembilanbelas"),"satu ratus","seratus"),"*satu ribu","seribu"),0,""))," "," "))&" Rupiah") -> Seratus Delapan Puluh Ribu Rupiah
J137: Banjarmasin, 27 Februari 2026
A138: MENGETAHUI | J138: YANG MEMBUAT
A143: IRNA WAHYUNI N. | J143: M. ZULKIFLI
A152: NOTA PENCAIRAN DANA (NPD)
A153: Nomor : 101/DIV-KEU/PPB/II/2026
A154: BENDAHARA PENGELUARAN
A155: PERUMDA PASAR BANJARMASIN
A156: Supaya Mencairkan Dana
A158: 1. Sub Kegiatan | E158: : | F158: Beban Operasional dan Bisnis
A159: 2. Nomor | E159: : | F159: 2.1.3
A160: 3. Tahun Anggaran | E160: : | F160: 2026
A161: 4. Jumlah Yang Diminta | E161: : | F161: =J174 -> 455000
E162: : | F162: =PROPER(IF(F161=0,"nol",IF(F161<0,"minus ","")&SUBSTITUTE(TRIM(SUBSTITUTE(SUBSTITUTE(SUBSTITUTE(SUBSTITUTE(SUBSTITUTE(SUBSTITUTE(SUBSTITUTE(SUBSTITUTE(SUBSTITUTE(SUBSTITUTE(SUBSTITUTE(SUBSTITUTE(SUBSTITUTE(SUBSTITUTE(SUBSTITUTE(SUBSTITUTE(SUBSTITUTE(SUBSTITUTE(SUBSTITUTE(SUBSTITUTE(SUBSTITUTE(SUBSTITUTE(SUBSTITUTE(SUBSTITUTE(IF(--MID(TEXT(ABS(F161),"000000000000000"),1,3)=0,"",MID(TEXT(ABS(F161),"000000000000000"),1,1)&" ratus "&MID(TEXT(ABS(F161),"000000000000000"),2,1)&" puluh "&MID(TEXT(ABS(F161),"000000000000000"),3,1)&" trilyun ")&IF(--MID(TEXT(ABS(F161),"000000000000000"),4,3)=0,"",MID(TEXT(ABS(F161),"000000000000000"),4,1)&" ratus "&MID(TEXT(ABS(F161),"000000000000000"),5,1)&" puluh "&MID(TEXT(ABS(F161),"000000000000000"),6,1)&" milyar ")&IF(--MID(TEXT(ABS(F161),"000000000000000"),7,3)=0,"",MID(TEXT(ABS(F161),"000000000000000"),7,1)&" ratus "&MID(TEXT(ABS(F161),"000000000000000"),8,1)&" puluh "&MID(TEXT(ABS(F161),"000000000000000"),9,1)&" juta ")&IF(--MID(TEXT(ABS(F161),"000000000000000"),10,3)=0,"",IF(--MID(TEXT(ABS(F161),"000000000000000"),10,3)=1,"*",MID(TEXT(ABS(F161),"000000000000000"),10,1)&" ratus "&MID(TEXT(ABS(F161),"000000000000000"),11,1)&" puluh ")&MID(TEXT(ABS(F161),"000000000000000"),12,1)&" ribu ")&IF(--MID(TEXT(ABS(F161),"000000000000000"),13,3)=0,"",MID(TEXT(ABS(F161),"000000000000000"),13,1)&" ratus "&MID(TEXT(ABS(F161),"000000000000000"),14,1)&" puluh "&MID(TEXT(ABS(F161),"000000000000000"),15,1)),1,"satu"),2,"dua"),3,"tiga"),4,"empat"),5,"lima"),6,"enam"),7,"tujuh"),8,"delapan"),9,"sembilan"),"0 ratus",""),"0 puluh",""),"satu puluh 0","sepuluh"),"satu puluh satu","sebelas"),"satu puluh dua","duabelas"),"satu puluh tiga","tigabelas"),"satu puluh empat","empatbelas"),"satu puluh lima","limabelas"),"satu puluh enam","enambelas"),"satu puluh tujuh","tujuhbelas"),"satu puluh delapan","delapanbelas"),"satu puluh sembilan","sembilanbelas"),"satu ratus","seratus"),"*satu ribu","seribu"),0,""))," "," "))&" Rupiah") -> Empat Ratus Lima Puluh Lima Ribu Rupiah
A165: Pembebanan Pada Kode Rekening
A166: NO | B166: Kode | D166: Uraian | H166: Anggaran | I166: Akumulasi Pencairan dana Bulan Lalu | J166: Pencairan Saat ini | K166: Sisa Anggaran
A167: 1 | D167: Beban Pemeliharaan | H167: --------------- | I167: --------------- | J167: --------------- | K167: ---------------
...

Sheet MARET
A8: NOTA PENCAIRAN DANA (NPD)
A9: Nomor : 028/DIV-KEU/PPB/III/2026
A10: BENDAHARA PENGELUARAN
A11: PERUMDA PASAR BANJARMASIN
A12: Supaya Mencairkan Dana
A14: 1. Sub Kegiatan | E14: : | F14: Beban Operasional dan Bisnis
A15: 2. Nomor | E15: : | F15: 2.1.3
A16: 3. Tahun Anggaran | E16: : | F16: 2026
A17: 4. Jumlah Yang Diminta | E17: : | F17: =J30 -> 80000
E18: : | F18: =PROPER(IF(F17=0,"nol",IF(F17<0,"minus ","")&SUBSTITUTE(TRIM(SUBSTITUTE(SUBSTITUTE(SUBSTITUTE(SUBSTITUTE(SUBSTITUTE(SUBSTITUTE(SUBSTITUTE(SUBSTITUTE(SUBSTITUTE(SUBSTITUTE(SUBSTITUTE(SUBSTITUTE(SUBSTITUTE(SUBSTITUTE(SUBSTITUTE(SUBSTITUTE(SUBSTITUTE(SUBSTITUTE(SUBSTITUTE(SUBSTITUTE(SUBSTITUTE(SUBSTITUTE(SUBSTITUTE(SUBSTITUTE(IF(--MID(TEXT(ABS(F17),"000000000000000"),1,3)=0,"",MID(TEXT(ABS(F17),"000000000000000"),1,1)&" ratus "&MID(TEXT(ABS(F17),"000000000000000"),2,1)&" puluh "&MID(TEXT(ABS(F17),"000000000000000"),3,1)&" trilyun ")&IF(--MID(TEXT(ABS(F17),"000000000000000"),4,3)=0,"",MID(TEXT(ABS(F17),"000000000000000"),4,1)&" ratus "&MID(TEXT(ABS(F17),"000000000000000"),5,1)&" puluh "&MID(TEXT(ABS(F17),"000000000000000"),6,1)&" milyar ")&IF(--MID(TEXT(ABS(F17),"000000000000000"),7,3)=0,"",MID(TEXT(ABS(F17),"000000000000000"),7,1)&" ratus "&MID(TEXT(ABS(F17),"000000000000000"),8,1)&" puluh "&MID(TEXT(ABS(F17),"000000000000000"),9,1)&" juta ")&IF(--MID(TEXT(ABS(F17),"000000000000000"),10,3)=0,"",IF(--MID(TEXT(ABS(F17),"000000000000000"),10,3)=1,"*",MID(TEXT(ABS(F17),"000000000000000"),10,1)&" ratus "&MID(TEXT(ABS(F17),"000000000000000"),11,1)&" puluh ")&MID(TEXT(ABS(F17),"000000000000000"),12,1)&" ribu ")&IF(--MID(TEXT(ABS(F17),"000000000000000"),13,3)=0,"",MID(TEXT(ABS(F17),"000000000000000"),13,1)&" ratus "&MID(TEXT(ABS(F17),"000000000000000"),14,1)&" puluh "&MID(TEXT(ABS(F17),"000000000000000"),15,1)),1,"satu"),2,"dua"),3,"tiga"),4,"empat"),5,"lima"),6,"enam"),7,"tujuh"),8,"delapan"),9,"sembilan"),"0 ratus",""),"0 puluh",""),"satu puluh 0","sepuluh"),"satu puluh satu","sebelas"),"satu puluh dua","duabelas"),"satu puluh tiga","tigabelas"),"satu puluh empat","empatbelas"),"satu puluh lima","limabelas"),"satu puluh enam","enambelas"),"satu puluh tujuh","tujuhbelas"),"satu puluh delapan","delapanbelas"),"satu puluh sembilan","sembilanbelas"),"satu ratus","seratus"),"*satu ribu","seribu"),0,""))," "," "))&" Rupiah") -> Delapan Puluh Ribu Rupiah
A21: Pembebanan Pada Kode Rekening
A22: NO | B22: Kode | D22: Uraian | H22: Anggaran | I22: Akumulasi Pencairan dana Bulan Lalu | J22: Pencairan Saat ini | K22: Sisa Anggaran
A23: 1 | D23: Beban Pemeliharaan | H23: --------------- | I23: --------------- | J23: --------------- | K23: ---------------
B24: 1.1 | D24: Pemeliharaan Kendaraan Operasional | H24: --------------- | I24: --------------- | J24: --------------- | K24: ---------------
C25: 1.1.1 | D25: Pajak Mobil Operasional | H25: 25000000 | I25: =FEBRUARI!I169+FEBRUARI!J169 -> 0 | J25: 0 | K25: =H25-I25-J25 -> 25000000
C26: 1.1.2 | D26: Parkir Mobil Operasional | H26: 3000000 | I26: =FEBRUARI!I170+FEBRUARI!J170 -> 400000 | J26: 0 | K26: =H26-I26-J26 -> 2600000
C27: 1.1.3 | D27: Pemeliharaan Mobil Truck (4) | H27: 58710000 | I27: =FEBRUARI!I171+FEBRUARI!J171 -> 23571980 | J27: 0 | K27: =H27-I27-J27 -> 35138020
C28: 1.1.4 | D28: Pemeliharaan Mobil Pick Up (1) | H28: 20000000 | I28: =FEBRUARI!I172+FEBRUARI!J172 -> 3150000 | J28: 0 | K28: =H28-I28-J28 -> 16850000
C29: 1.1.5 | D29: Pemeliharaan Mobil Keliling (2) | H29: 10000000 | I29: =FEBRUARI!I173+FEBRUARI!J173 -> 2405000 | J29: 80000 | K29: =H29-I29-J29 -> 7515000
D30: JUMLAH | H30: =SUM(H23:H29) -> 116710000 | I30: =SUM(I24:I29) -> 29526980 | J30: =SUM(J24:J29) -> 80000 | K30: =SUM(K24:K29) -> 87103020
A32: Jumlah Yang Diminta | E32: : | F32: =J30 -> 80000
A33: PPN | E33: :
A34: PPh Psl 21/22/23/4(2) | E34: :
A35: Jumlah Potongan | E35: : | F35: =F33+F34 -> 0
A37: Jumlah yang dibayarkan | E37: : | F37: =F32-F35 -> 80000
F38: =PROPER(IF(F37=0,"nol",IF(F37<0,"minus ","")&SUBSTITUTE(TRIM(SUBSTITUTE(SUBSTITUTE(SUBSTITUTE(SUBSTITUTE(SUBSTITUTE(SUBSTITUTE(SUBSTITUTE(SUBSTITUTE(SUBSTITUTE(SUBSTITUTE(SUBSTITUTE(SUBSTITUTE(SUBSTITUTE(SUBSTITUTE(SUBSTITUTE(SUBSTITUTE(SUBSTITUTE(SUBSTITUTE(SUBSTITUTE(SUBSTITUTE(SUBSTITUTE(SUBSTITUTE(SUBSTITUTE(SUBSTITUTE(IF(--MID(TEXT(ABS(F37),"000000000000000"),1,3)=0,"",MID(TEXT(ABS(F37),"000000000000000"),1,1)&" ratus "&MID(TEXT(ABS(F37),"000000000000000"),2,1)&" puluh "&MID(TEXT(ABS(F37),"000000000000000"),3,1)&" trilyun ")&IF(--MID(TEXT(ABS(F37),"000000000000000"),4,3)=0,"",MID(TEXT(ABS(F37),"000000000000000"),4,1)&" ratus "&MID(TEXT(ABS(F37),"000000000000000"),5,1)&" puluh "&MID(TEXT(ABS(F37),"000000000000000"),6,1)&" milyar ")&IF(--MID(TEXT(ABS(F37),"000000000000000"),7,3)=0,"",MID(TEXT(ABS(F37),"000000000000000"),7,1)&" ratus "&MID(TEXT(ABS(F37),"000000000000000"),8,1)&" puluh "&MID(TEXT(ABS(F37),"000000000000000"),9,1)&" juta ")&IF(--MID(TEXT(ABS(F37),"000000000000000"),10,3)=0,"",IF(--MID(TEXT(ABS(F37),"000000000000000"),10,3)=1,"*",MID(TEXT(ABS(F37),"000000000000000"),10,1)&" ratus "&MID(TEXT(ABS(F37),"000000000000000"),11,1)&" puluh ")&MID(TEXT(ABS(F37),"000000000000000"),12,1)&" ribu ")&IF(--MID(TEXT(ABS(F37),"000000000000000"),13,3)=0,"",MID(TEXT(ABS(F37),"000000000000000"),13,1)&" ratus "&MID(TEXT(ABS(F37),"000000000000000"),14,1)&" puluh "&MID(TEXT(ABS(F37),"000000000000000"),15,1)),1,"satu"),2,"dua"),3,"tiga"),4,"empat"),5,"lima"),6,"enam"),7,"tujuh"),8,"delapan"),9,"sembilan"),"0 ratus",""),"0 puluh",""),"satu puluh 0","sepuluh"),"satu puluh satu","sebelas"),"satu puluh dua","duabelas"),"satu puluh tiga","tigabelas"),"satu puluh empat","empatbelas"),"satu puluh lima","limabelas"),"satu puluh enam","enambelas"),"satu puluh tujuh","tujuhbelas"),"satu puluh delapan","delapanbelas"),"satu puluh sembilan","sembilanbelas"),"satu ratus","seratus"),"*satu ribu","seribu"),0,""))," "," "))&" Rupiah") -> Delapan Puluh Ribu Rupiah
J41: Banjarmasin, 12 Maret 2026
A42: MENGETAHUI | J42: YANG MEMBUAT
A47: IRNA WAHYUNI N. | J47: M. ZULKIFLI
A56: NOTA PENCAIRAN DANA (NPD)
A57: Nomor : 033/DIV-KEU/PPB/III/2026
A58: BENDAHARA PENGELUARAN
A59: PERUMDA PASAR BANJARMASIN
A60: Supaya Mencairkan Dana
A62: 1. Sub Kegiatan | E62: : | F62: Beban Operasional dan Bisnis
A63: 2. Nomor | E63: : | F63: 2.1.3
A64: 3. Tahun Anggaran | E64: : | F64: 2026
A65: 4. Jumlah Yang Diminta | E65: : | F65: =J78 -> 999000
E66: : | F66: =PROPER(IF(F65=0,"nol",IF(F65<0,"minus ","")&SUBSTITUTE(TRIM(SUBSTITUTE(SUBSTITUTE(SUBSTITUTE(SUBSTITUTE(SUBSTITUTE(SUBSTITUTE(SUBSTITUTE(SUBSTITUTE(SUBSTITUTE(SUBSTITUTE(SUBSTITUTE(SUBSTITUTE(SUBSTITUTE(SUBSTITUTE(SUBSTITUTE(SUBSTITUTE(SUBSTITUTE(SUBSTITUTE(SUBSTITUTE(SUBSTITUTE(SUBSTITUTE(SUBSTITUTE(SUBSTITUTE(SUBSTITUTE(IF(--MID(TEXT(ABS(F65),"000000000000000"),1,3)=0,"",MID(TEXT(ABS(F65),"000000000000000"),1,1)&" ratus "&MID(TEXT(ABS(F65),"000000000000000"),2,1)&" puluh "&MID(TEXT(ABS(F65),"000000000000000"),3,1)&" trilyun ")&IF(--MID(TEXT(ABS(F65),"000000000000000"),4,3)=0,"",MID(TEXT(ABS(F65),"000000000000000"),4,1)&" ratus "&MID(TEXT(ABS(F65),"000000000000000"),5,1)&" puluh "&MID(TEXT(ABS(F65),"000000000000000"),6,1)&" milyar ")&IF(--MID(TEXT(ABS(F65),"000000000000000"),7,3)=0,"",MID(TEXT(ABS(F65),"000000000000000"),7,1)&" ratus "&MID(TEXT(ABS(F65),"000000000000000"),8,1)&" puluh "&MID(TEXT(ABS(F65),"000000000000000"),9,1)&" juta ")&IF(--MID(TEXT(ABS(F65),"000000000000000"),10,3)=0,"",IF(--MID(TEXT(ABS(F65),"000000000000000"),10,3)=1,"*",MID(TEXT(ABS(F65),"000000000000000"),10,1)&" ratus "&MID(TEXT(ABS(F65),"000000000000000"),11,1)&" puluh ")&MID(TEXT(ABS(F65),"000000000000000"),12,1)&" ribu ")&IF(--MID(TEXT(ABS(F65),"000000000000000"),13,3)=0,"",MID(TEXT(ABS(F65),"000000000000000"),13,1)&" ratus "&MID(TEXT(ABS(F65),"000000000000000"),14,1)&" puluh "&MID(TEXT(ABS(F65),"000000000000000"),15,1)),1,"satu"),2,"dua"),3,"tiga"),4,"empat"),5,"lima"),6,"enam"),7,"tujuh"),8,"delapan"),9,"sembilan"),"0 ratus",""),"0 puluh",""),"satu puluh 0","sepuluh"),"satu puluh satu","sebelas"),"satu puluh dua","duabelas"),"satu puluh tiga","tigabelas"),"satu puluh empat","empatbelas"),"satu puluh lima","limabelas"),"satu puluh enam","enambelas"),"satu puluh tujuh","tujuhbelas"),"satu puluh delapan","delapanbelas"),"satu puluh sembilan","sembilanbelas"),"satu ratus","seratus"),"*satu ribu","seribu"),0,""))," "," "))&" Rupiah") -> Sembilan Ratus Sembilan Puluh Sembilan Ribu Rupiah
A69: Pembebanan Pada Kode Rekening
A70: NO | B70: Kode | D70: Uraian | H70: Anggaran | I70: Akumulasi Pencairan dana Bulan Lalu | J70: Pencairan Saat ini | K70: Sisa Anggaran
A71: 1 | D71: Beban Pemeliharaan | H71: --------------- | I71: --------------- | J71: --------------- | K71: ---------------
B72: 1.1 | D72: Pemeliharaan Kendaraan Operasional | H72: --------------- | I72: --------------- | J72: --------------- | K72: ---------------
C73: 1.1.1 | D73: Pajak Mobil Operasional | H73: 25000000 | I73: =I25+J25 -> 0 | J73: 0 | K73: =H73-I73-J73 -> 25000000
C74: 1.1.2 | D74: Parkir Mobil Operasional | H74: 3000000 | I74: =I26+J26 -> 400000 | J74: 0 | K74: =H74-I74-J74 -> 2600000
C75: 1.1.3 | D75: Pemeliharaan Mobil Truck (4) | H75: 58710000 | I75: =I27+J27 -> 23571980 | J75: 999000 | K75: =H75-I75-J75 -> 34139020
C76: 1.1.4 | D76: Pemeliharaan Mobil Pick Up (1) | H76: 20000000 | I76: =I28+J28 -> 3150000 | J76: 0 | K76: =H76-I76-J76 -> 16850000
C77: 1.1.5 | D77: Pemeliharaan Mobil Keliling (2) | H77: 10000000 | I77: =I29+J29 -> 2485000 | J77: 0 | K77: =H77-I77-J77 -> 7515000
D78: JUMLAH | H78: =SUM(H71:H77) -> 116710000 | I78: =SUM(I72:I77) -> 29606980 | J78: =SUM(J72:J77) -> 999000 | K78: =SUM(K72:K77) -> 86104020
A80: Jumlah Yang Diminta | E80: : | F80: =J78 -> 999000
A81: PPN | E81: :
A82: PPh Psl 21/22/23/4(2) | E82: :
A83: Jumlah Potongan | E83: : | F83: =F81+F82 -> 0
A85: Jumlah yang dibayarkan | E85: : | F85: =F80-F83 -> 999000
F86: =PROPER(IF(F85=0,"nol",IF(F85<0,"minus ","")&SUBSTITUTE(TRIM(SUBSTITUTE(SUBSTITUTE(SUBSTITUTE(SUBSTITUTE(SUBSTITUTE(SUBSTITUTE(SUBSTITUTE(SUBSTITUTE(SUBSTITUTE(SUBSTITUTE(SUBSTITUTE(SUBSTITUTE(SUBSTITUTE(SUBSTITUTE(SUBSTITUTE(SUBSTITUTE(SUBSTITUTE(SUBSTITUTE(SUBSTITUTE(SUBSTITUTE(SUBSTITUTE(SUBSTITUTE(SUBSTITUTE(SUBSTITUTE(IF(--MID(TEXT(ABS(F85),"000000000000000"),1,3)=0,"",MID(TEXT(ABS(F85),"000000000000000"),1,1)&" ratus "&MID(TEXT(ABS(F85),"000000000000000"),2,1)&" puluh "&MID(TEXT(ABS(F85),"000000000000000"),3,1)&" trilyun ")&IF(--MID(TEXT(ABS(F85),"000000000000000"),4,3)=0,"",MID(TEXT(ABS(F85),"000000000000000"),4,1)&" ratus "&MID(TEXT(ABS(F85),"000000000000000"),5,1)&" puluh "&MID(TEXT(ABS(F85),"000000000000000"),6,1)&" milyar ")&IF(--MID(TEXT(ABS(F85),"000000000000000"),7,3)=0,"",MID(TEXT(ABS(F85),"000000000000000"),7,1)&" ratus "&MID(TEXT(ABS(F85),"000000000000000"),8,1)&" puluh "&MID(TEXT(ABS(F85),"000000000000000"),9,1)&" juta ")&IF(--MID(TEXT(ABS(F85),"000000000000000"),10,3)=0,"",IF(--MID(TEXT(ABS(F85),"000000000000000"),10,3)=1,"*",MID(TEXT(ABS(F85),"000000000000000"),10,1)&" ratus "&MID(TEXT(ABS(F85),"000000000000000"),11,1)&" puluh ")&MID(TEXT(ABS(F85),"000000000000000"),12,1)&" ribu ")&IF(--MID(TEXT(ABS(F85),"000000000000000"),13,3)=0,"",MID(TEXT(ABS(F85),"000000000000000"),13,1)&" ratus "&MID(TEXT(ABS(F85),"000000000000000"),14,1)&" puluh "&MID(TEXT(ABS(F85),"000000000000000"),15,1)),1,"satu"),2,"dua"),3,"tiga"),4,"empat"),5,"lima"),6,"enam"),7,"tujuh"),8,"delapan"),9,"sembilan"),"0 ratus",""),"0 puluh",""),"satu puluh 0","sepuluh"),"satu puluh satu","sebelas"),"satu puluh dua","duabelas"),"satu puluh tiga","tigabelas"),"satu puluh empat","empatbelas"),"satu puluh lima","limabelas"),"satu puluh enam","enambelas"),"satu puluh tujuh","tujuhbelas"),"satu puluh delapan","delapanbelas"),"satu puluh sembilan","sembilanbelas"),"satu ratus","seratus"),"*satu ribu","seribu"),0,""))," "," "))&" Rupiah") -> Sembilan Ratus Sembilan Puluh Sembilan Ribu Rupiah
J89: Banjarmasin, 13 Maret 2026
A90: MENGETAHUI | J90: YANG MEMBUAT
A95: IRNA WAHYUNI N. | J95: M. ZULKIFLI
A104: NOTA PENCAIRAN DANA (NPD)
A105: Nomor : 045/DIV-KEU/PPB/III/2026
A106: BENDAHARA PENGELUARAN
A107: PERUMDA PASAR BANJARMASIN
A108: Supaya Mencairkan Dana
A110: 1. Sub Kegiatan | E110: : | F110: Beban Operasional dan Bisnis
A111: 2. Nomor | E111: : | F111: 2.1.3
A112: 3. Tahun Anggaran | E112: : | F112: 2026
A113: 4. Jumlah Yang Diminta | E113: : | F113: =J126 -> 250000
E114: : | F114: =PROPER(IF(F113=0,"nol",IF(F113<0,"minus ","")&SUBSTITUTE(TRIM(SUBSTITUTE(SUBSTITUTE(SUBSTITUTE(SUBSTITUTE(SUBSTITUTE(SUBSTITUTE(SUBSTITUTE(SUBSTITUTE(SUBSTITUTE(SUBSTITUTE(SUBSTITUTE(SUBSTITUTE(SUBSTITUTE(SUBSTITUTE(SUBSTITUTE(SUBSTITUTE(SUBSTITUTE(SUBSTITUTE(SUBSTITUTE(SUBSTITUTE(SUBSTITUTE(SUBSTITUTE(SUBSTITUTE(SUBSTITUTE(IF(--MID(TEXT(ABS(F113),"000000000000000"),1,3)=0,"",MID(TEXT(ABS(F113),"000000000000000"),1,1)&" ratus "&MID(TEXT(ABS(F113),"000000000000000"),2,1)&" puluh "&MID(TEXT(ABS(F113),"000000000000000"),3,1)&" trilyun ")&IF(--MID(TEXT(ABS(F113),"000000000000000"),4,3)=0,"",MID(TEXT(ABS(F113),"000000000000000"),4,1)&" ratus "&MID(TEXT(ABS(F113),"000000000000000"),5,1)&" puluh "&MID(TEXT(ABS(F113),"000000000000000"),6,1)&" milyar ")&IF(--MID(TEXT(ABS(F113),"000000000000000"),7,3)=0,"",MID(TEXT(ABS(F113),"000000000000000"),7,1)&" ratus "&MID(TEXT(ABS(F113),"000000000000000"),8,1)&" puluh "&MID(TEXT(ABS(F113),"000000000000000"),9,1)&" juta ")&IF(--MID(TEXT(ABS(F113),"000000000000000"),10,3)=0,"",IF(--MID(TEXT(ABS(F113),"000000000000000"),10,3)=1,"*",MID(TEXT(ABS(F113),"000000000000000"),10,1)&" ratus "&MID(TEXT(ABS(F113),"000000000000000"),11,1)&" puluh ")&MID(TEXT(ABS(F113),"000000000000000"),12,1)&" ribu ")&IF(--MID(TEXT(ABS(F113),"000000000000000"),13,3)=0,"",MID(TEXT(ABS(F113),"000000000000000"),13,1)&" ratus "&MID(TEXT(ABS(F113),"000000000000000"),14,1)&" puluh "&MID(TEXT(ABS(F113),"000000000000000"),15,1)),1,"satu"),2,"dua"),3,"tiga"),4,"empat"),5,"lima"),6,"enam"),7,"tujuh"),8,"delapan"),9,"sembilan"),"0 ratus",""),"0 puluh",""),"satu puluh 0","sepuluh"),"satu puluh satu","sebelas"),"satu puluh dua","duabelas"),"satu puluh tiga","tigabelas"),"satu puluh empat","empatbelas"),"satu puluh lima","limabelas"),"satu puluh enam","enambelas"),"satu puluh tujuh","tujuhbelas"),"satu puluh delapan","delapanbelas"),"satu puluh sembilan","sembilanbelas"),"satu ratus","seratus"),"*satu ribu","seribu"),0,""))," "," "))&" Rupiah") -> Dua Ratus Lima Puluh Ribu Rupiah
A117: Pembebanan Pada Kode Rekening
A118: NO | B118: Kode | D118: Uraian | H118: Anggaran | I118: Akumulasi Pencairan dana Bulan Lalu | J118: Pencairan Saat ini | K118: Sisa Anggaran
A119: 1 | D119: Beban Pemeliharaan | H119: --------------- | I119: --------------- | J119: --------------- | K119: ---------------
B120: 1.1 | D120: Pemeliharaan Kendaraan Operasional | H120: --------------- | I120: --------------- | J120: --------------- | K120: ---------------
C121: 1.1.1 | D121: Pajak Mobil Operasional | H121: 25000000 | I121: =I73+J73 -> 0 | J121: 0 | K121: =H121-I121-J121 -> 25000000
C122: 1.1.2 | D122: Parkir Mobil Operasional | H122: 3000000 | I122: =I74+J74 -> 400000 | J122: 0 | K122: =H122-I122-J122 -> 2600000
C123: 1.1.3 | D123: Pemeliharaan Mobil Truck (4) | H123: 58710000 | I123: =I75+J75 -> 24570980 | J123: 250000 | K123: =H123-I123-J123 -> 33889020
C124: 1.1.4 | D124: Pemeliharaan Mobil Pick Up (1) | H124: 20000000 | I124: =I76+J76 -> 3150000 | J124: 0 | K124: =H124-I124-J124 -> 16850000
C125: 1.1.5 | D125: Pemeliharaan Mobil Keliling (2) | H125: 10000000 | I125: =I77+J77 -> 2485000 | J125: 0 | K125: =H125-I125-J125 -> 7515000
D126: JUMLAH | H126: =SUM(H119:H125) -> 116710000 | I126: =SUM(I120:I125) -> 30605980 | J126: =SUM(J120:J125) -> 250000 | K126: =SUM(K120:K125) -> 85854020
A128: Jumlah Yang Diminta | E128: : | F128: =J126 -> 250000
A129: PPN | E129: :
A130: PPh Psl 21/22/23/4(2) | E130: :
A131: Jumlah Potongan | E131: : | F131: =F129+F130 -> 0
A133: Jumlah yang dibayarkan | E133: : | F133: =F128-F131 -> 250000
F134: =PROPER(IF(F133=0,"nol",IF(F133<0,"minus ","")&SUBSTITUTE(TRIM(SUBSTITUTE(SUBSTITUTE(SUBSTITUTE(SUBSTITUTE(SUBSTITUTE(SUBSTITUTE(SUBSTITUTE(SUBSTITUTE(SUBSTITUTE(SUBSTITUTE(SUBSTITUTE(SUBSTITUTE(SUBSTITUTE(SUBSTITUTE(SUBSTITUTE(SUBSTITUTE(SUBSTITUTE(SUBSTITUTE(SUBSTITUTE(SUBSTITUTE(SUBSTITUTE(SUBSTITUTE(SUBSTITUTE(SUBSTITUTE(IF(--MID(TEXT(ABS(F133),"000000000000000"),1,3)=0,"",MID(TEXT(ABS(F133),"000000000000000"),1,1)&" ratus "&MID(TEXT(ABS(F133),"000000000000000"),2,1)&" puluh "&MID(TEXT(ABS(F133),"000000000000000"),3,1)&" trilyun ")&IF(--MID(TEXT(ABS(F133),"000000000000000"),4,3)=0,"",MID(TEXT(ABS(F133),"000000000000000"),4,1)&" ratus "&MID(TEXT(ABS(F133),"000000000000000"),5,1)&" puluh "&MID(TEXT(ABS(F133),"000000000000000"),6,1)&" milyar ")&IF(--MID(TEXT(ABS(F133),"000000000000000"),7,3)=0,"",MID(TEXT(ABS(F133),"000000000000000"),7,1)&" ratus "&MID(TEXT(ABS(F133),"000000000000000"),8,1)&" puluh "&MID(TEXT(ABS(F133),"000000000000000"),9,1)&" juta ")&IF(--MID(TEXT(ABS(F133),"000000000000000"),10,3)=0,"",IF(--MID(TEXT(ABS(F133),"000000000000000"),10,3)=1,"*",MID(TEXT(ABS(F133),"000000000000000"),10,1)&" ratus "&MID(TEXT(ABS(F133),"000000000000000"),11,1)&" puluh ")&MID(TEXT(ABS(F133),"000000000000000"),12,1)&" ribu ")&IF(--MID(TEXT(ABS(F133),"000000000000000"),13,3)=0,"",MID(TEXT(ABS(F133),"000000000000000"),13,1)&" ratus "&MID(TEXT(ABS(F133),"000000000000000"),14,1)&" puluh "&MID(TEXT(ABS(F133),"000000000000000"),15,1)),1,"satu"),2,"dua"),3,"tiga"),4,"empat"),5,"lima"),6,"enam"),7,"tujuh"),8,"delapan"),9,"sembilan"),"0 ratus",""),"0 puluh",""),"satu puluh 0","sepuluh"),"satu puluh satu","sebelas"),"satu puluh dua","duabelas"),"satu puluh tiga","tigabelas"),"satu puluh empat","empatbelas"),"satu puluh lima","limabelas"),"satu puluh enam","enambelas"),"satu puluh tujuh","tujuhbelas"),"satu puluh delapan","delapanbelas"),"satu puluh sembilan","sembilanbelas"),"satu ratus","seratus"),"*satu ribu","seribu"),0,""))," "," "))&" Rupiah") -> Dua Ratus Lima Puluh Ribu Rupiah
J137: Banjarmasin, 25 Maret 2026
A138: MENGETAHUI | J138: YANG MEMBUAT
A143: IRNA WAHYUNI N. | J143: M. ZULKIFLI
A152: NOTA PENCAIRAN DANA (NPD)
A153: Nomor : 053/DIV-KEU/PPB/III/2026
A154: BENDAHARA PENGELUARAN
A155: PERUMDA PASAR BANJARMASIN
A156: Supaya Mencairkan Dana
A158: 1. Sub Kegiatan | E158: : | F158: Beban Operasional dan Bisnis
A159: 2. Nomor | E159: : | F159: 2.1.3
A160: 3. Tahun Anggaran | E160: : | F160: 2026
A161: 4. Jumlah Yang Diminta | E161: : | F161: =J174 -> 140000
E162: : | F162: =PROPER(IF(F161=0,"nol",IF(F161<0,"minus ","")&SUBSTITUTE(TRIM(SUBSTITUTE(SUBSTITUTE(SUBSTITUTE(SUBSTITUTE(SUBSTITUTE(SUBSTITUTE(SUBSTITUTE(SUBSTITUTE(SUBSTITUTE(SUBSTITUTE(SUBSTITUTE(SUBSTITUTE(SUBSTITUTE(SUBSTITUTE(SUBSTITUTE(SUBSTITUTE(SUBSTITUTE(SUBSTITUTE(SUBSTITUTE(SUBSTITUTE(SUBSTITUTE(SUBSTITUTE(SUBSTITUTE(SUBSTITUTE(IF(--MID(TEXT(ABS(F161),"000000000000000"),1,3)=0,"",MID(TEXT(ABS(F161),"000000000000000"),1,1)&" ratus "&MID(TEXT(ABS(F161),"000000000000000"),2,1)&" puluh "&MID(TEXT(ABS(F161),"000000000000000"),3,1)&" trilyun ")&IF(--MID(TEXT(ABS(F161),"000000000000000"),4,3)=0,"",MID(TEXT(ABS(F161),"000000000000000"),4,1)&" ratus "&MID(TEXT(ABS(F161),"000000000000000"),5,1)&" puluh "&MID(TEXT(ABS(F161),"000000000000000"),6,1)&" milyar ")&IF(--MID(TEXT(ABS(F161),"000000000000000"),7,3)=0,"",MID(TEXT(ABS(F161),"000000000000000"),7,1)&" ratus "&MID(TEXT(ABS(F161),"000000000000000"),8,1)&" puluh "&MID(TEXT(ABS(F161),"000000000000000"),9,1)&" juta ")&IF(--MID(TEXT(ABS(F161),"000000000000000"),10,3)=0,"",IF(--MID(TEXT(ABS(F161),"000000000000000"),10,3)=1,"*",MID(TEXT(ABS(F161),"000000000000000"),10,1)&" ratus "&MID(TEXT(ABS(F161),"000000000000000"),11,1)&" puluh ")&MID(TEXT(ABS(F161),"000000000000000"),12,1)&" ribu ")&IF(--MID(TEXT(ABS(F161),"000000000000000"),13,3)=0,"",MID(TEXT(ABS(F161),"000000000000000"),13,1)&" ratus "&MID(TEXT(ABS(F161),"000000000000000"),14,1)&" puluh "&MID(TEXT(ABS(F161),"000000000000000"),15,1)),1,"satu"),2,"dua"),3,"tiga"),4,"empat"),5,"lima"),6,"enam"),7,"tujuh"),8,"delapan"),9,"sembilan"),"0 ratus",""),"0 puluh",""),"satu puluh 0","sepuluh"),"satu puluh satu","sebelas"),"satu puluh dua","duabelas"),"satu puluh tiga","tigabelas"),"satu puluh empat","empatbelas"),"satu puluh lima","limabelas"),"satu puluh enam","enambelas"),"satu puluh tujuh","tujuhbelas"),"satu puluh delapan","delapanbelas"),"satu puluh sembilan","sembilanbelas"),"satu ratus","seratus"),"*satu ribu","seribu"),0,""))," "," "))&" Rupiah") -> Seratus Empat Puluh Ribu Rupiah
A165: Pembebanan Pada Kode Rekening
A166: NO | B166: Kode | D166: Uraian | H166: Anggaran | I166: Akumulasi Pencairan dana Bulan Lalu | J166: Pencairan Saat ini | K166: Sisa Anggaran
A167: 1 | D167: Beban Pemeliharaan | H167: --------------- | I167: --------------- | J167: --------------- | K167: ---------------
...
